X,Y
301,563
-607,977
16,-559
968,976
-434,147
40,-288
710,301
375,64
671,-583
28,484
114,138
-299,274
-58,226
-752,-272
365,-969
-14,-88
19,489
-786,-8
325,267
716,29
-642,-58
980,978
102,778
-566,-667
-161,-392
449,525
-429,-243
33,-147
666,681
-732,854
712,697
-908,643
50,136
134,824
-64,404
591,-852
920,-701
-374,-919
7,-524
-691,591
209,814
143,-959
578,490
-541,-528
273,920
949,-252
281,-361
373,-776
44,-499
57,341
392,-601
584,-53
-150,218
-736,-345
771,-85
-779,446
-94,-760
-459,339
38,136
128,-722
489,452
637,868
-297,-137
678,939
89,495
101,249
171,-56
-3,19
802,397
-542,191
-828,-949
-683,269
-401,-816
-261,-166
109,-180
-739,413
254,-774
-371,-415
-751,-645
732,-405
180,268
-710,-435
413,-228
693,-646
-908,-791
-17,606
794,352
-560,-312
-608,-769
479,498
983,182
118,-748
645,161
767,-10
-818,-647
703,688
-527,629
537,-145
-456,-798
-677,-448
-422,575
-204,-612
615,-930
-13,-28
-832,364
828,-71
447,721
200,-664
931,521
321,-63
317,455
-522,249
976,320
-831,-618
-721,380
916,49
-503,736
-338,-672
720,-924
142,-929
997,3
989,-811
149,339
912,629
233,-327
467,-269
-208,641
-753,-443
-360,-357
-28,-556
-544,-463
-518,-763
-802,522
430,-29
-346,886
414,-513
-447,-520
170,-780
-969,-626
-798,-512
768,107
-650,-833
-834,907
716,-728
330,64
-158,459
-542,-267
600,-169
-589,554
-315,-828
-172,-276
-119,689
393,932
898,-495
-268,-542
-947,744
-917,-988
-924,-647
-600,622
-79,646
-819,530
-190,-559
-353,690
-257,-474
-542,-626
114,135
269,362
769,-622
-890,-234
226,-171
-894,932
-665,977
-651,422
-2,-348
264,-386
-927,652
-932,737
596,990
677,185
729,885
-324,295
-516,596
461,-891
369,-657
271,-247
-631,459
-861,984
-594,-887
472,-782
-447,-57
-822,-151
608,212
-169,346
-162,73
842,-413
-632,577
-499,498
-2,-833
213,4
-423,-102
578,-649
-711,89
-397,-523
-187,367
846,784
-102,944
-860,116
-108,-448
236,176
508,-302
-585,513
507,-443
224,289
-311,-382
599,-359
-194,716
890,937
-724,124
30,-636
-256,857
-356,335
-922,-465
620,-698
504,267
-170,-936
900,-125
499,-596
-443,-434
-620,-481
-129,-942
550,171
-501,-770
-839,83
-798,327
-374,-989
142,956
814,641
394,-559
46,-567
426,-953
-318,298
-209,-976
417,-29
-121,204
328,913
320,296
-148,-329
985,-73
173,-990
-997,657
-891,714
-450,886
-410,-784
-488,991
-521,706
834,471
-757,-869
891,942
908,-493
912,-985
-557,-496
-808,-926
-887,-40
-382,-428
-544,826
-131,105
923,-218
-90,124
446,966
-852,-425
180,308
-131,-83
-569,407
-253,-890
-673,-688
-753,806
-227,723
-123,425
-960,-456
421,-77
830,187
-83,869
-886,-722
71,699
333,160
-805,89
-545,209
601,322
-928,-792
-189,298
-193,664
477,952
928,738
498,-653
530,919
-244,73
902,900
315,-695
-258,-41
-860,-648
316,142
-639,116
964,-381
205,232
-496,-394
237,-293
-587,-820
-249,664
-809,522
778,169
883,339
-564,857
457,-417
-18,776
898,356
-983,-266
-509,594
543,825
-44,-451
447,-876
-907,-162
215,-43
430,-753
173,309
305,-467
822,-436
-947,299
-966,-881
-759,553
924,34
-853,656
267,220
-307,354
-222,-818
-195,-467
-949,-89
60,-434
-850,-863
-431,-713
56,-200
929,815
301,219
-886,-65
-654,740
199,-928
625,-191
518,964
-172,-937
473,-133
292,575
451,982
309,918
555,431
801,803
573,808
-541,-587
-267,680
-573,9
-497,855
738,782
-141,-15
-853,-892
524,-336
-217,-101
-533,-402
346,-126
729,265
-233,-479
491,987
-972,-873
-540,-954
165,-559
-884,-717
52,-981
-506,492
-975,-997
235,-339
794,140
-496,605
901,-709
-10,-618
-575,282
932,-220
-384,-27
37,-722
-491,735
-390,453
-610,743
-319,736
-394,764
-895,-893
-986,-689
-550,-640
234,-567
-579,818
-542,430
-863,28
724,-743
-789,-515
119,-594
-164,334
-10,851
527,-3
909,-942
687,-565
819,14
536,535
880,921
-344,-680
-91,589
142,-883
-630,-128
-631,733
-31,555
-465,421
794,-127
-985,-898
710,-495
-425,856
124,-8
374,-308
565,93
362,310
-935,725
-333,-278
-528,278
-546,133
-802,73
-243,-583
-189,684
796,-355
-647,-656
-316,801
-482,647
158,979
198,-7
-270,363
-202,-615
641,-213
-530,-1
759,991
418,746
-625,982
269,944
-162,19
500,-241
68,618
-908,614
-172,-68
742,-37
131,541
694,895
829,297
200,-620
109,-567
272,-700
-679,766
-729,-121
-653,535
-894,610
-987,626
-59,-904
-742,937
-711,-79
-292,-282
39,581
-294,734
966,513
-867,-241
185,-913
710,52
-34,-104
-224,484
945,894
787,-363
-700,-1
-274,399
-750,213
729,682
-965,851
93,379
491,-676
141,471
-442,-107
79,-414
-971,-919
887,-398
947,73
236,-562
-71,-681
-742,-133
-264,581
867,-832
-261,-585
980,799
-471,-970
85,-211
-925,-850
-734,-137
414,-682
-722,-462
-528,926
-545,248
-741,-869
-701,-390
336,-50
-739,444
-105,-403
-19,432
636,84
-331,-469
-998,-275
-46,789
-543,-411
-430,-225
-559,111
46,-346
232,-626
20,-423
111,605
367,-814
535,-52
-80,596
-183,305
802,848
742,-148
460,756
-86,787
-956,595
235,757
395,106
-525,-452
941,732
108,-78
264,500
547,314
16,383
-414,-478
955,499
227,828
990,638
473,893
566,-178
-364,127
-981,674
204,273
431,763
-724,868
981,738
-328,169
-291,-838
-97,-395
551,-640
945,777
544,810
-136,485
-248,440
946,-705
956,604
257,792
484,341
-37,753
-977,753
-86,-154
-478,21
160,-912
-58,716
382,81
782,845
273,67
-916,-299
-590,273
751,55
-57,-924
143,965
512,-69
-711,-760
-981,654
-840,-639
-174,-771
626,822
-140,-230
799,75
-852,-424
-774,-97
243,-631
29,-69
300,-450
-749,153
187,149
186,520
-454,-853
-7,-260
-924,833
-998,533
-20,864
-669,81
656,-102
-691,18
-272,920
-167,695
299,796
-263,240
-914,375
956,-445
331,983
39,-175
916,760
-539,-257
555,-842
-271,995
415,416
-106,-709
-219,964
497,799
825,-985
-206,9
359,-786
-218,-202
-818,-370
795,-623
-439,-390
282,-559
377,784
-494,-565
-986,83
520,-951
-123,511
661,-49
-646,-286
148,-764
977,-751
634,324
-302,810
-191,-707
803,-11
-36,-540
-90,-141
911,-246
-334,-540
-428,-647
-153,984
439,962
111,706
-670,804
-954,617
978,-557
347,142
-99,-926
-903,-711
-446,-567
903,508
799,-785
-595,-776
519,150
227,-441
-191,-460
-761,527
351,290
-171,-181
606,-58
-448,-64
804,987
-874,-520
989,311
119,-694
-716,994
-558,643
-607,985
634,-32
126,507
-106,831
819,-584
-921,-190
527,-896
-969,-191
-280,-5
318,484
-277,-105
252,445
876,-698
-370,204
-226,858
315,-406
853,586
-401,590
888,305
-655,607
-543,513
992,474
56,-711
-890,-712
-860,118
257,-727
477,-751
-755,915
-617,424
517,-708
6,808
-91,745
240,-640
601,968
-624,-284
-211,-141
-91,378
-306,795
-964,518
-403,615
-890,-351
-325,-172
222,831
-667,-895
82,-415
658,3
630,-643
550,-968
159,394
926,428
579,-45
326,918
-204,-333
-647,-667
356,76
-2,-844
546,829
-735,885
-113,818
439,59
-616,-28
364,445
-516,-756
20,41
801,743
419,906
-296,233
-460,478
903,574
564,372
512,598
-448,-357
-50,675
417,-755
490,793
941,-929
-495,-975
397,519
-365,695
-928,524
333,-893
-661,-728
-840,942
-104,88
-87,948
837,59
-398,-938
974,124
-34,-658
-333,-341
789,525
486,-180
-484,220
-602,656
404,554
-656,700
-558,-811
29,-99
-323,319
926,-346
-755,-380
513,496
270,883
-876,-445
75,516
-585,-792
-655,-692
-957,339
-594,764
-227,425
379,-115
-844,260
-300,773
-416,-866
-483,-631
997,-974
563,-956
-159,765
-544,591
217,-258
-80,-864
632,-562
-765,833
-609,-53
-410,303
29,16
-792,428
-845,-981
-814,274
454,-584
-617,571
-347,-726
-164,53
297,-858
969,-175
-461,535
506,158
-44,910
-607,135
-625,627
-192,-35
832,-906
48,-948
919,-290
484,-932
495,867
-579,-257
815,109
241,465
236,578
268,-785
-266,276
662,10
391,842
123,413
468,-463
-261,-61
994,-780
-63,-967
-455,-108
-926,-275
504,-122
36,-908
523,-693
972,-839
-220,-565
868,-804
859,-451
-815,-442
517,-503
-488,-311
260,-572
-461,136
-357,83
-775,-900
-476,-689
-655,896
-341,-875
-988,-753
474,-972
68,-132
-230,-62
-744,798
-77,868
185,-271
946,-197
426,-142
677,-81
577,-424
-771,55
552,-997
-665,562
838,620
647,-14
-12,-822
890,770
638,-795
475,848
-615,-576
-982,194
20,580
-91,77
-874,-107
158,118
271,-14
-457,811
259,-188
819,815
-981,842
-279,970
-617,-553
-827,-705
-791,340
750,611
-972,-79
377,415
592,-534
76,-352
-544,595
214,-579
143,-983
-387,32
514,-384
-934,-170
-829,-690
-414,489
-131,68
-191,-274
-724,28
-102,380
-871,-698
905,-652
-529,-311
-516,-69
182,-31
-712,474
879,-720
-999,820
-332,-858
-6,234
-452,-846
-751,-816
-653,10
-569,560
-166,-852
-52,-561
-690,746
-69,874
-119,-781
584,360
-530,380
739,666
-874,810
-663,329
394,92
431,834
-958,632
-528,599
840,-60
743,630
-299,-868
-18,-344
327,-326
459,104
314,-656
644,-515
-17,361
289,-611
131,-451
254,-608
-999,-924
605,583
507,285
997,-764
-423,-453
-591,327
909,-771
-716,-304
-973,-703
-695,-753
578,247
-664,376
708,949
-55,867
-375,495
824,-854
98,-349
-814,870
286,129
409,-357
656,898
-976,-5
-358,932
718,816
-1,-280
334,550
106,-858
-628,-651
73,674
-125,321
633,-453
638,-129
-270,-7
-341,-506
-914,828
-856,-737
-367,-244
-557,29
252,173
588,938
466,56
-154,-905
-763,803
-107,468
628,296
-931,822
257,-975
404,56
-804,391
700,554
-649,464
295,566
915,-870
145,893
-371,-39
256,-31
463,-770
477,-670
-577,-460
-722,418
521,-948
-685,962
223,-291
-688,728
-793,-175
654,850
-78,836
-146,499
-862,-999
914,-846
46,-897
767,44
-201,173
-494,576
907,489
276,-201
655,904
529,961
-729,-893
341,349
197,354
-633,260
560,-272
737,897
630,227
693,-720
660,-788
-921,-188
-664,783
508,-432
-704,170
24,-881
848,-462
-987,400
-843,27
-195,198
347,480
-744,52
-86,-919
-909,286
-966,-241
921,-553
-993,-770
269,-432
185,-100
-265,-228
-602,-883
-599,-177
0,235
-512,678
-861,-947
-460,537
848,-869
465,663
-601,956
-292,-323
-413,-158
891,390
-8,-209
-48,797
-127,-463
771,37
-830,-259
367,-266
-861,631
380,-598
-706,-330
-862,978
-547,168
-442,50
826,-154
165,-340
34,198
-164,-938
171,904
754,652
-794,-296
-860,60
918,-861
-409,511
338,667
-473,924
-691,-1
-305,598
649,-452
70,645
-903,823
883,-645
-45,-493
605,-500
-157,-117
929,54
-466,298
51,671
266,682
-189,132
143,953
531,159
-523,689
-672,335
-847,508
-518,-391
617,875
-253,-853
630,534
-27,853
423,-942
-882,16
-171,798
-651,934
-450,736
-283,-973
994,-267
-162,-583
907,-52
174,833
-487,481
-968,721
254,415
-450,422
-486,-564
185,273
227,746
487,534
870,-353
31,-734
604,843
-670,-787
-361,64
-186,-179
-759,54
775,-486
-728,-460
-18,559
70,662
-669,-687
935,507
-224,436
-439,361
-125,-787
-937,58
690,-67
3,-860
-853,770
67,291
-847,-381
517,223
-572,-110
-897,-496
-601,-666
334,-353
703,-137
-949,636
-668,-429
-3,-341
-423,-217
251,-667
-155,-638
-383,-864
347,792
-175,-769
-884,408
357,-606
-995,-477
-373,27
-931,-237
-440,735
960,-784
378,-95
-307,-259
-590,-688
-133,-163
-309,-330
940,-439
-739,-707
208,341
-291,-54
673,537
385,289
-375,97
445,91
-491,710
-583,439
-73,3
195,-417
-698,540
25,-169
918,-88
-662,93
513,-505
-391,388
488,56
50,-725
291,-705
109,230
-101,887
-664,168
107,-784
-824,818
618,-93
337,-507
895,968
-334,813
-383,649
846,718
-974,451
-338,-782
-332,-390
363,91
-887,779
-73,-224
-390,194
838,157
-640,-434
500,-410
655,-570
768,674
-131,52
-833,952
-420,871
631,5
-836,-832
338,325
-27,504
547,422
443,399
-752,64
750,-830
-38,-386
467,591
222,611
-864,407
-915,980
33,398
658,-106
-940,-63
419,939
676,396
-845,-575
-259,651
723,504
-701,-592
558,390
-543,-239
-366,908
387,299
200,-629
647,691
962,507
185,851
-232,294
-621,952
-113,743
725,469
-189,792
760,-56
303,563
-232,-753
709,317
-700,-679
-541,-915
642,882
389,-110
-460,961
92,89
-653,-413
-185,396
-423,-147
500,-445
-269,777
-611,-635
338,-236
110,621
-367,-801
-289,-926
-537,-637
-853,69
608,-685
490,-107
-22,354
844,470
-804,13
573,949
-516,975
351,274
420,87
-350,438
-932,-898
-259,-236
522,148
713,213
983,-974
43,-128
613,413
921,-805
82,-893
-969,296
290,275
-682,-596
-587,-693
-898,283
910,-637
414,33
-134,372
-684,-440
419,-321
329,974
492,-508
797,450
345,746
256,-208
-260,-370
223,-711
-947,200
571,-357
-620,667
584,-891
-667,-971
530,-655
988,-455
583,-320
825,-490
622,-220
336,-454
-591,-678
265,-909
-825,-108
-926,-559
-898,-192
468,-169
932,882
-113,-157
-120,-918
416,-418
839,279
10,133
-210,784
-58,120
-546,913
-286,93
774,921
-615,111
-889,-566
-794,814
117,-857
-311,-931
49,405
420,447
668,-712
-951,-566
-395,-539
564,296
324,654
-133,586
-382,-263
556,-376
-52,230
-94,493
-826,50
922,-843
-818,-43
-57,-297
929,433
-678,109
545,910
-590,816
333,898
-87,-680
-137,-930
179,42
330,-679
108,-921
-296,74
513,554
935,-923
130,-652
430,-450
894,732
43,-238
245,413
215,-721
-523,-196
-493,-312
-107,860
883,-218
826,-307
-302,-444
262,696
-887,-701
-868,-435
-829,977
-446,-488
904,-456
281,-442
-539,163
812,-56
350,784
774,-229
182,-433
-355,-796
292,-90
-707,-183
-117,-666
-317,189
53,780
-873,398
-648,335
-140,123
-694,-701
571,-952
-259,-534
-219,576
823,-126
-557,665
388,-849
697,-708
-674,600
888,-988
177,890
271,757
278,-325
-33,-732
-74,-55
719,947
-993,-557
-671,-796
453,302
533,94
-21,-993
-707,199
790,-475
708,-526
138,-480
764,-372
-300,-554
70,-176
-518,792
-735,709
-302,602
-980,-848
-957,-537
-663,-972
-882,752
172,-113
576,-968
729,30
874,-398
-401,572
464,767
-255,-6
-887,-481
-348,698
602,95
948,-626
246,-392
59,954
-179,-185
-652,474
-193,-700
922,191
409,954
-619,959
-162,-807
-594,-297
493,739
-95,673
897,641
-20,178
-306,147
150,-327
560,-220
186,-143
520,928
98,-669
-810,-418
853,-32
151,-453
-971,-528
687,-324
730,-567
-585,-858
-203,877
-317,-746
583,-156
627,-107
-47,19
7,-634
99,646
121,-170
770,972
-576,-390
-504,870
-128,289
131,-613
33,814
378,716
-807,955
4,811
-473,-822
-426,62
-777,-743
-76,945
122,861
-939,737
-441,547
818,-797
-643,-634
-167,203
-575,-77
521,-227
-727,71
660,-447
183,-833
188,-901
787,527
-723,142
-288,379
-637,-46
188,351
-965,534
943,125
-437,851
-829,-340
210,-89
822,876
214,-942
113,-594
-210,656
971,-376
91,-890
912,504
692,969
-781,-899
-566,-998
-663,825
-779,-187
-32,238
87,-699
609,844
371,-610
891,888
-323,662
52,127
886,-319
-265,824
-424,883
724,980
-505,788
483,-241
-526,-59
-519,107
300,-399
495,331
838,89
473,-438
917,840
-489,256
-440,622
-399,-42
974,-716
-221,28
-286,-103
-401,-627
-613,26
896,-476
93,-625
-394,507
249,-298
951,498
-990,-925
-48,-139
-258,991
273,980
-601,-675
-112,822
447,238
-546,401
967,-142
-364,938
518,-763
-186,-243
124,-987
-727,-843
-73,44
824,76
-323,387
205,-992
276,-957
-716,564
-868,980
479,67
528,373
-38,301
759,-93
645,-670
-570,-150
-528,-839
966,-445
706,-906
-898,802
-963,-301
-441,-988
601,292
-546,-458
-755,266
962,-34
-540,-389
400,343
945,-113
-694,870
-69,251
-576,-732
722,263
818,695
-255,-936
-239,566
644,-888
809,-513
984,685
-626,-336
-424,497
722,-93
932,359
-400,-962
114,801
678,651
-258,108
-166,778
321,-390
689,-79
888,-3
549,-479
-280,-815
495,585
328,807
531,-858
-641,251
-665,558
8,237
369,-670
740,315
262,-272
477,-100
430,-314
543,-850
110,940
-962,-177
-83,-69
-314,578
809,-534
-366,269
-66,26
321,-982
-395,991
-997,805
988,783
-88,-888
911,812
-464,256
443,-514
953,144
264,-515
-149,-145
-520,792
809,2
-466,341
-455,-945
715,-778
-219,-759
-386,32
253,-312
-421,798
444,714
-131,-276
-895,30
-483,-188
-364,275
-554,406
589,444
-891,336
567,-769
185,328
125,-104
-69,-113
579,-33
992,-856
645,-216
-555,-438
-614,-699
959,-92
-918,-253
-818,895
-271,189
782,-538
-237,-922
-340,912
-95,-792
-165,-488
637,-782
458,806
-311,89
387,-988
805,-877
-403,297
193,723
247,-10
-933,-491
-718,175
963,-711
-696,311
-591,-176
399,-950
387,706
876,-175
-596,49
-620,-416
14,-516
795,-169
-919,238
-109,-41
154,-135
80,-696
-448,-601
-610,574
-355,246
-73,-548
-265,-779
-625,-950
223,720
-160,-155
-872,346
-801,785
-236,325
361,-95
-21,320
-385,640
448,788
436,-475
-399,-61
231,-6
-583,849
10,-484
-986,839
399,-238
-514,-384
-315,476
926,-842
-121,92
170,-701
-805,-414
-765,-519
-928,-64
-645,841
-514,726
-695,-737
186,-832
-43,417
792,41
746,-352
-852,507
-568,46
50,-952
734,-238
-645,220
854,355
397,-45
-713,808
474,-186
164,942
-308,-670
-50,253
-442,755
513,-655
900,360
32,713
-868,120
-358,525
234,701
187,362
564,-182
746,908
801,240
717,-470
760,-855
220,-248
596,969
-220,-286
369,96
922,-488
278,686
611,-848
-540,-47
-556,-788
-401,-966
-491,584
-623,-777
198,694
-849,-18
273,695
-493,-747
-525,857
-918,792
608,-654
-751,374
420,290
44,-840
689,123
-292,442
-420,-34
-805,-265
486,946
704,125
-212,879
757,265
102,78
-273,455
-151,-851
-709,-992
924,462
-155,966
-745,-501
344,14
989,539
604,523
77,-359
-541,-141
-93,-428
-54,-930
-966,50
-842,782
-648,308
899,-192
-859,-308
997,-513
534,-145
658,976
-444,587
-692,-35
-254,410
266,503
252,-229
455,-133
-45,-589
-525,-239
788,-958
-124,-24
581,458
291,-121
678,-564
-907,-565
682,34
571,976
937,-716
969,-396
849,890
-566,990
597,-714
859,-422
-631,-669
139,574
-705,-903
-539,839
632,599
-930,51
952,-804
-256,949
951,23
-40,-538
-694,985
-980,-682
-273,899
582,125
-946,816
829,-144
873,-382
818,-911
162,305
-687,165
51,458
726,-288
890,-192
-562,-549
622,320
-852,561
-61,740
-892,498
83,237
-527,729
427,831
-579,-311
-852,-982
166,844
911,-423
-91,684
904,632
938,-66
929,734
592,752
-879,693
-587,-305
-124,-569
-25,77
654,618
921,-309
-456,-24
441,40
51,-890
-709,323
40,-659
753,-716
-246,363
-949,-74
-44,988
-454,-267
-740,-987
846,-798
-661,-320
802,263
381,-800
-750,-33
-746,840
-147,-534
-866,535
-696,8
-856,644
366,528
-889,-958
738,267
792,-344
-759,-444
-378,500
-810,655
-218,298
979,96
-253,-646
809,-694
468,-418
143,409
-529,-528
-885,-531
375,-836
48,-568
-953,-930
511,-40
350,755
905,-654
523,161
-94,217
-569,-140
-874,-525
749,-890
826,843
868,-141
79,261
613,-441
176,-368
223,-350
-95,-170
451,703
621,-677
-871,-908
421,579
250,665
727,-510
-947,353
789,385
290,394
587,186
751,127
-161,508
309,484
126,-549
-531,-403
-979,-76
391,-939
574,327
-385,-414
353,-485
284,-18
-582,614
240,-181
-838,89
-547,-484
-662,551
-488,-512
-473,577
-612,-324
999,-298
327,-140
-228,511
814,-28
457,-333
10,-179
-856,-921
-598,-454
-613,-280
859,325
-112,158
504,-807
685,-876
118,850
-390,569
-121,-296
-996,394
-74,176
-274,-838
-729,-278
272,890
-875,713
-263,-349
843,-153
900,-231
623,-953
635,-788
-211,-658
22,-649
-444,-218
-382,282
767,439
-266,805
-794,-853
965,-503
400,152
901,-324
-988,-237
-825,871
-985,-597
971,-473
-915,844
369,189
973,648
992,-564
-453,-660
-250,-296
-565,-777
-116,-747
-827,-442
402,-619
67,-98
323,-811
949,284
-383,824
872,656
-933,105
-8,-293
-449,-750
-961,183
961,-890
396,168
-977,980
-106,621
-714,776
-762,500
-672,-842
620,251
-139,-91
-588,686
-263,-914
-815,-136
226,214
12,696
400,169
-140,-595
-423,-527
896,-934
783,-201
90,-978
-128,564
95,-384
-601,-18
-367,-311
-370,771
283,-522
-316,938
858,299
494,971
-935,619
196,-453
443,-422
980,350
-63,-436
685,372
-320,-425
-845,962
-932,-424
-234,757
996,610
-316,-746
-442,196
-349,651
766,-63
-453,454
976,-791
-114,873
-887,929
-52,55
740,-779
-137,368
672,588
-939,-972
703,618
-333,-278
-530,-146
121,-424
-664,-747
-341,-626
-869,-574
-567,-649
-537,-268
-893,914
-334,936
-689,710
648,918
-424,57
893,-58
207,-589
750,-661
536,-325
276,-127
548,992
-814,-379
-289,713
-556,-55
523,390
-930,-953
-597,-384
-328,500
616,184
-976,-756
269,-93
-97,-106
-168,-18
458,490
-953,18
-346,302
-941,333
59,261
251,999
-427,290
354,176
986,-348
-794,-326
-514,-880
-19,966
293,173
34,-818
135,463
-120,-409
710,254
-160,490
-348,-281
-251,16
-701,296
-965,848
-935,749
56,415
369,-373
400,117
-935,656
-568,-304
565,399
103,-649
-75,824
-125,-114
614,-851
717,736
-220,-997
732,655
732,-113
597,928
-202,844
-765,-75
94,-909
-980,675
454,-877
-82,330
597,-878
990,-421
3,-687
-359,-971
-297,-59
-944,-746
455,779
747,413
-364,248
422,733
947,804
48,403
-763,499
-414,712
185,-346
-315,-364
-224,562
532,637
973,465
-255,798
-690,608
-282,-470
-203,939
836,232
-309,-600
944,-280
365,-84
701,-529
596,697
198,641
-746,-769
-641,804
616,384
610,-384
854,-573
-44,-336
47,-594
-35,-218
107,285
-498,388
983,200
766,-449
-932,-14
750,-127
-794,233
-524,-202
637,855
572,130
729,-987
153,-402
879,-128
-824,-155
38,454
417,-941
-705,538
-273,677
683,-412
-259,-698
-354,-226
153,453
-685,-648
-575,-950
-163,394
-612,260
691,368
-935,-665
-687,181
-459,873
544,-359
362,-729
-193,-965
-915,100
776,910
-784,813
-469,-641
512,659
271,560
651,-277
-343,709
514,185
-132,-679
480,943
-201,-614
-793,-579
-189,618
-462,202
-554,656
-964,792
-56,578
29,-160
848,-445
411,323
-717,-378
477,-182
-589,-500
932,-698
-808,-907
563,-509
308,-85
756,709
139,-915
-116,-574
98,330
994,684
-24,-954
781,-814
77,301
475,551
-13,440
-302,-582
896,-257
889,445
-485,-181
83,280
534,192
-402,-257
111,913
652,242
-310,-490
492,156
-137,989
-280,-809
197,810
938,323
-606,966
-26,-714
-370,-806
485,295
189,-439
524,590
-825,-570
808,335
175,338
335,-169
-317,-867
-680,-948
747,116
-337,-415
-907,-377
-8,139
-664,-620
-689,415
-174,159
-166,-703
-616,641
806,-420
-144,165
-130,124
349,-820
729,-428
970,-387
-326,-317
-121,-794
-715,97
-160,-700
815,700
150,905
-780,-597
784,-879
662,-78
429,410
109,340
-816,344
-54,113
-165,583
-132,-881
366,-288
-798,-820
-451,-742
-842,-760
-279,455
-829,486
746,837
-637,-285
-855,656
264,743
-975,756
-506,834
802,-308
869,-114
64,872
447,-617
-672,983
-707,536
-281,-256
-814,-224
579,822
691,974
625,28
633,539
-872,-169
-471,-65
398,795
941,-651
701,-632
389,-899
-697,32
-457,-132
799,-322
-89,325
-595,-504
276,249
-277,706
819,600
-887,880
-360,456
-905,-698
-660,-649
439,549
-211,861
-355,-673
795,-303
-802,294
395,478
-379,359
799,566
-199,630
252,-976
348,-414
289,-472
-186,672
937,591
-264,-797
-895,-744
-647,-162
-306,-284
808,-43
-150,-593
-296,-908
440,243
-817,991
-398,-360
957,-872
51,152
-232,-876
40,758
699,376
-541,759
981,-337
-616,546
950,120
734,-21
-291,-464
159,981
-247,-896
-567,-169
944,570
957,913
383,-268
298,-458
34,-842
-195,410
-437,-266
491,997
716,-9
436,-332
-430,957
444,210
381,45
170,318
835,-510
850,-496
355,-65
-710,378
604,661
-569,-664
10,544
557,-747
898,92
925,-131
-723,-674
64,-72
-945,50
-746,872
-920,-324
819,58
27,490
390,340
-302,-895
-736,223
-882,-490
131,-177
-320,-317
777,-899
587,874
203,35
128,-816
64,1
-145,506
-921,832
-43,-39
-275,598
137,4
-632,-235
138,935
-98,675
13,-917
382,-253
-727,-70
95,386
386,-671
696,284
-489,-599
-834,-771
239,462
859,518
-41,-796
-691,-863
-64,-529
990,322
127,468
-204,-516
815,774
710,-481
-260,-756
-106,677
-484,-933
-316,638
280,-822
945,-815
300,-657
-360,4
963,-784
781,-483
178,-577
-475,-14
-703,-163
151,-497
752,-744
-660,190
881,453
-509,-909
-580,-650
35,-759
-676,903
13,-47
-106,423
742,-673
287,-745
613,230
12,-186
-445,544
-887,206
477,531
-470,-389
166,-91
-942,529
-927,-360
-546,-406
498,983
232,623
594,-14
-341,-748
368,900
653,742
630,920
-826,-483
524,482
212,836
-224,-768
390,23
-241,-541
67,-187
118,-184
204,-463
628,123
61,-727
-678,-417
-272,486
623,725
421,790
651,-470
-550,773
54,261
-834,74
-314,-837
686,-607
-684,365
573,315
31,487
-47,446
-19,565
-839,817
-859,-849
572,495
-308,875
-343,713
-999,-879
838,-672
-635,576
-661,221
-982,-873
382,-225
577,403
-796,483
763,-602
-97,108
-797,208
-590,-778
-386,248
200,706
-381,909
-634,878
408,-182
982,678
-489,-176
85,561
140,411
334,84
537,-618
-92,-300
384,-228
352,914
248,319
-601,-141
-460,-319
-125,236
-260,-608
-845,792
-740,-609
-778,-32
-468,-893
323,-489
-625,895
357,-762
-661,89
-799,912
-646,981
493,69
629,-361
-727,-774
351,354
-636,607
255,-166
356,241
-320,-20
-222,232
813,-344
-90,-652
-29,-923
-756,197
-512,-517
-881,-714
-213,-64
150,145
-810,-385
-755,-310
31,-539
174,-220
-249,578
-244,767
47,767
937,709
-999,-254
199,163
-961,-936
372,295
88,465
438,889
-353,-266
-994,605
932,-780
413,-269
435,466
795,252
-157,333
-563,-64
860,913
380,-485
590,-990
704,747
478,-296
739,826
862,237
589,75
-26,-763
18,667
-491,-652
-899,-615
782,-38
715,-187
444,912
-192,203
89,340
205,30
980,-195
866,-266
413,-620
797,136
685,511
-606,595
-253,-698
-448,90
670,-347
-89,-310
962,-645
-105,554
897,847
-687,330
265,672
592,-666
-475,-685
275,-45
-188,-975
-407,-464
-11,-832
655,133
570,195
-759,-718
775,317
-61,-954
-842,-148
306,934
-471,923
61,969
-326,360
123,697
50,-808
-35,-973
27,915
174,-234
-734,205
665,-95
-211,191
430,327
377,-876
922,-320
216,-783
-2,-148
-887,520
753,-662
-725,-276
334,-668
-229,897
621,53
-560,962
210,888
-884,-911
174,-915
-198,146
486,-113
721,-664
-981,-86
550,-223
831,-557
-125,-637
923,-445
-180,17
495,-989
-693,-860
539,469
789,914
171,96
-700,93
705,698
-720,920
-261,-275
370,-930
321,-3
85,741
429,785
55,-223
360,575
545,500
875,-201
280,105
-300,-190
48,928
-407,-620
639,-495
-693,-339
-547,256
-86,-824
459,-831
-169,-77
466,-451
-868,439
297,152
426,-587
-964,530
-476,-787
108,749
80,-450
-534,707
-833,-55
646,117
724,757
70,309
-871,793
58,-801
-949,557
-554,-544
461,389
-562,754
381,-102
-415,364
-878,-357
361,-375
824,966
-366,-894
569,-72
-486,269
468,-236
-651,-517
-499,175
-427,-632
140,162
-895,-285
-486,162
40,-918
-144,612
40,176
73,550
-829,-939
-599,27
-816,-445
751,466
845,-742
-37,-632
450,-598
828,994
-289,457
852,-291
889,211
-918,-764
544,-941
66,506
476,-736
529,155
-491,-126
-307,-636
-389,-813
385,-901
-76,-40
-413,805
842,477
354,-954
111,357
-617,806
-162,-290
-742,657
-79,443
-364,-591
831,884
116,59
-63,-98
15,618
-934,761
-83,756
907,40
-492,-297
-426,924
0,-209
318,921
709,-741
-490,-782
-132,211
455,-403
549,-705
726,-541
704,-356
36,429
997,808
-159,656
96,590
194,670
566,-254
-269,906
-37,-959
230,-661
-688,-93
786,-213
-322,720
-929,931
-763,-478
908,-92
-263,719
-809,311
809,-99
54,-373
631,916
364,209
-904,379
29,440
-936,962
650,-582
-907,206
-481,-422
704,300
-388,-612
361,-495
592,296
-947,763
-442,92
-609,-402
-504,193
-649,166
-81,623
203,939
486,718
-768,813
747,711
-533,-828
80,-514
-707,888
-167,-771
-653,-584
-667,-985
82,-99
-570,-16
218,-366
-916,-594
-316,-200
-182,780
812,-404
-439,-901
556,177
523,-813
-846,-563
-566,930
718,280
-234,33
-244,-54
948,-884
-798,-942
827,679
317,-237
780,80
43,352
979,672
-364,257
869,-750
590,90
-489,-571
918,-723
-192,-311
-907,629
581,330
-558,804
-424,576
-237,-886
-264,-578
914,-900
-664,-398
-781,-789
-553,-633
868,592
717,395
-16,226
49,479
333,-586
-422,-542
-369,335
-469,411
-910,-752
152,698
-638,601
-482,413
-761,275
-716,-942
874,954
-448,-839
-436,-407
779,391
54,-603
868,586
716,-515
-3,102
-765,-517
435,-344
51,-185
59,324
-919,-251
-473,700
-725,-588
-273,343
685,-655
-785,858
-122,-532
340,976
107,-938
-124,-37
-764,-304
-576,639
-886,458
-897,436
-387,42
405,547
-111,586
-939,552
949,-705
976,28
-750,1
233,550
-556,-96
56,989
199,534
-201,738
-761,-575
-720,857
-73,234
-262,-632
656,355
784,535
499,877
728,466
179,-918
262,-328
449,990
295,416
892,64
31,882
903,-909
-797,-499
396,889
-661,-594
151,417
260,-216
20,-800
622,691
-992,-639
25,553
68,802
-781,-335
-268,-297
729,-906
-954,190
895,-423
-424,-894
-346,570
-229,-676
641,548
406,-426
-368,-661
-443,-560
-215,802
-192,118
-579,470
-226,788
-205,700
-325,789
516,-969
905,-170
449,-891
-233,565
-778,-293
354,-365
-753,16
896,-123
835,-70
936,-18
-582,227
44,407
-901,208
-467,-52
-820,443
-788,-982
-715,514
127,645
-705,471
652,512
-476,0
-835,-845
515,744
-92,852
417,-308
815,38
141,-970
644,-969
798,352
502,-903
-716,-848
-978,105
617,-43
-835,-704
-427,-66
-108,-517
354,-508
856,-810
-830,-308
-579,-350
870,851
-98,13
952,-960
-509,40
-452,-227
246,34
-49,-934
-611,-417
356,-229
-664,586
183,603
-360,142
907,137
183,-639
-719,-438
499,26
772,-597
-617,830
156,-681
784,749
137,-9
640,-823
-688,-115
-312,-881
-638,-595
460,-689
-399,155
-905,-607
666,441
-630,204
-159,752
-174,-974
-900,541
-567,330
799,567
140,124
297,603
976,-180
338,12
-992,951
-834,727
-251,959
-21,-474
-567,934
82,-551
388,-559
-648,-64
-893,-764
-535,-765
108,935
-209,106
-187,-74
87,943
-797,-749
-911,305
-314,-851
140,746
-988,391
589,-341
-558,523
764,-106
-99,-306
-479,906
-88,876
953,-492
-831,435
574,-193
-587,-150
685,-725
26,-131
-252,689
633,967
-269,283
723,-438
-51,317
-753,-890
217,826
846,38
925,820
616,-624
-497,651
-187,962
577,-986
-144,893
-222,-887
212,-184
340,-758
392,-874
0,-552
-800,318
595,-545
-998,-871
832,-746
754,-878
816,-189
-850,108
866,-298
706,961
23,-449
-639,91
90,474
-47,-379
-519,-884
-180,-188
526,102
954,-11
-490,-127
848,633
645,-338
-571,-865
13,-60
-812,-786
-752,504
-211,-827
457,334
-666,-230
540,-958
-970,-783
926,-923
283,-21
-302,299
-505,-792
-769,918
847,-833
-450,-263
-858,-797
143,-285
-858,-100
-754,711
-4,944
869,434
-493,-107
-806,-874
-810,109
187,-653
-14,123
-89,18
494,196
-101,-416
-23,821
664,928
577,-749
-967,-488
32,373
-392,-865
413,-836
-251,-85
-452,-932
328,880
-597,573
344,311
960,913
558,-545
407,721
104,-352
-917,-958
-820,92
96,3
-177,-698
404,-458
-489,-69
-218,-254
965,-943
-335,653
-915,-483
-727,953
635,-809
16,-703
-550,283
-211,-664
-325,793
-584,589
760,-712
-823,239
-613,-918
586,-868
-900,416
774,-329
-638,-514
-774,-989
-704,226
-869,356
-304,661
-694,-455
-295,198
993,552
-250,-848
389,-121
492,-584
222,-234
-609,-776
802,-724
-910,-737
143,-491
535,556
-181,-651
-236,374
357,498
-962,-547
-369,-468
903,-847
751,-922
-749,954
-227,-884
-113,982
-938,757
-612,451
799,-593
969,-983
-649,56
440,868
191,922
-189,518
667,-454
-657,362
-686,222
-709,447
-890,473
-598,21
298,-903
432,210
-877,-267
402,-89
511,624
-376,677
-722,1
-199,712
-186,-746
-372,-365
-334,231
-711,729
-706,911
-235,-604
-209,721
167,-207
738,297
401,153
790,-419
-998,-641
503,74
-820,-439
321,409
-179,-270
381,-440
-927,-947
-511,469
-823,-711
-549,-651
880,397
326,-931
-131,-620
-421,860
-405,-426
-754,-653
-968,441
595,-250
-264,238
-619,-232
700,450
-191,-826
837,839
392,-424
-908,499
-556,491
351,-486
-287,-836
-54,357
404,-540
-198,384
706,916
-877,806
467,-632
278,729
-453,-165
-884,-777
-32,-853
-330,-809
-464,840
161,286
-649,-463
-355,-130
930,770
492,-456
-853,-655
869,377
-358,-979
-55,279
9,-14
6,-483
-211,-147
-995,-195
-506,958
-72,-945
-999,-716
716,798
-227,969
409,287
918,-470
64,889
840,21
868,762
-755,376
486,-147
-18,641
130,-123
583,193
-610,-943
61,80
-868,613
41,889
789,802
-68,-306
80,-54
437,-803
-885,804
-758,930
863,342
977,550
-604,205
-877,-280
818,-167
-962,-673
-599,-814
228,606
-758,345
-320,-612
-163,397
695,304
-60,-180
-475,-840
659,-593
-224,977
-624,-540
546,291
101,570
-458,457
37,-289
671,-211
-408,-705
-871,461
-818,737
233,-969
775,792
135,435
432,871
182,-460
805,-264
358,47
-213,267
397,593
958,732
370,999
-621,-71
832,-781
-805,-992
-764,-573
-127,978
148,-447
-381,572
-580,-20
-295,320
96,-178
752,627
-161,904
-321,861
723,360
-829,-511
-995,560
-812,-418
714,-164
-791,336
279,709
602,301
590,-659
-834,-306
-456,-275
-547,105
852,801
-535,-728
-851,-468
-695,-139
-330,-691
-555,329
199,-12
753,-673
332,538
-127,22
-842,769
-835,522
642,164
-921,-929
-107,-448
532,-880
-347,-832
-634,-194
731,-419
-137,438
348,735
736,-24
-571,362
218,-762
805,105
-350,-836
-761,629
6,240
14,-195
-299,628
216,728
-205,-826
344,482
808,-118
243,714
-854,-54
-610,758
29,362
-261,-846
-504,695
893,671
363,239
-711,-500
-990,224
129,-869
731,973
352,-5
-118,349
772,179
363,658
-765,-470
189,40
-942,181
184,-446
939,-271
-604,746
-702,-199
-135,34
837,-362
86,536
274,-440
-230,-452
-792,646
-201,-22
974,-240
-170,-580
171,-689
-969,-493
-989,566
92,-317
-487,-187
264,-646
-325,999
492,-636
877,174
637,916
-958,80
-80,-8
-341,631
995,305
-27,747
-336,-826
-614,617
-505,-389
511,-885
557,-281
100,-322
-78,-81
-629,-968
-566,337
-306,573
640,686
-370,621
-200,-125
-870,596
-364,-611
-93,-900
358,901
182,-141
-937,-769
519,-149
636,-30
950,-845
-537,-14
-827,-40
-608,-231
-136,390
-480,-62
909,-991
706,-594
448,-545
305,181
457,177
-166,-563
46,341
-812,962
669,-891
-643,165
372,-73
-833,-417
-543,333
950,768
-316,214
300,237
567,421
-756,413
-953,-48
-492,351
246,-18
725,-388
274,-842
842,30
-628,-994
525,-831
389,182
-558,-754
-765,826
-767,673
-480,781
-749,-501
357,322
593,994
-666,165
539,180
-786,562
-599,-491
146,-997
534,455
915,836
681,823
-598,513
873,-340
227,486
470,788
-341,45
-120,-50
810,875
252,584
-20,981
-811,-988
-685,-807
-203,313
-507,-560
-438,981
-162,-990
19,-64
-215,-65
-583,-738
600,-462
283,93
674,-374
849,-360
494,-901
-248,-432
501,960
641,-199
866,60
93,219
-803,-44
910,967
973,-866
-641,-184
-28,762
283,220
-226,677
361,-533
-47,-2
-668,82
-272,-344
-785,-8
-953,660
-842,145
-828,715
-675,-720
491,984
-276,-641
612,987
-18,888
-309,-41
-670,683
990,599
-432,-750
97,-907
340,-481
415,982
-66,-334
804,-166
825,605
-980,908
-284,-963
751,893
-262,0
-158,775
-657,-287
-217,-69
691,-992
-175,71
-131,-832
332,-360
396,-517
680,196
-699,623
820,-857
656,460
-931,-365
-26,24
875,62
179,-591
184,-406
-556,-789
304,-839
939,475
741,634
89,835
77,-425
196,-826
394,272
-204,-643
-808,-882
-23,-535
523,-765
744,354
962,-515
109,720
-539,258
80,312
641,257
644,350
-490,-471
-948,-735
-65,-642
-813,447
45,783
-621,-70
553,-93
386,335
359,474
-294,152
335,-270
-985,-697
288,214
-689,79
-147,-72
-792,-296
-608,77
-128,-175
354,402
12,260
645,-925
296,-931
854,-40
275,-701
912,-705
-690,-143
268,737
-977,367
-80,-572
-817,-521
-909,-244
556,967
-933,137
291,191
22,248
503,566
277,-933
-858,285
297,-147
568,-515
-181,-365
-669,-40
932,-648
-135,477
-290,635
-781,-913
-714,91
-760,-265
610,-673
234,-830
938,-687
-392,267
997,889
49,610
559,680
235,-903
-469,752
193,224
295,-622
854,517
-304,729
542,89
-329,-107
-978,-359
-939,434
-602,847
424,-228
273,-112
-776,540
514,-169
-938,-598
-449,917
-295,-385
-880,693
495,-655
-763,-738
38,211
801,780
636,465
-957,639
978,-475
-76,-752
-205,492
-917,602
-53,162
-693,147
119,-225
-968,694
35,-631
734,614
-488,810
-93,-956
51,487
719,-277
580,362
553,774
626,-903
147,465
595,-369
-263,847
694,105
-525,591
292,692
-629,-233
-560,318
754,236
-292,-369
841,308
575,-91
593,-471
-285,-156
259,903
709,356
754,-137
-249,-278
-850,-281
-964,131
-223,769
-643,633
-816,-142
325,6
866,38
-412,-428
629,-618
-742,210
-884,257
30,866
470,776
-201,429
-74,266
-465,507
-848,-249
-248,671
-970,-912
922,722
960,513
692,-890
-13,489
-320,819
-768,-375
287,-709
688,439
682,-238
893,-649
651,975
802,379
-731,860
875,-738
292,819
139,-978
987,151
-464,201
204,-404
754,75
14,-343
-232,137
-510,886
452,445
208,-143
864,988
879,608
564,-685
-107,867
50,-565
-494,-668
-2,-546
881,706
-585,119
971,172
-207,-102
-648,197
99,268
873,120
-162,-914
-266,224
837,-246
615,973
-211,966
-467,-391
114,-983
198,-412
717,-398
883,-900
-201,-887
445,-662
-492,920
-112,99
-648,256
759,-137
-333,916
-515,-666
403,999
-740,638
-364,117
396,-592
165,-429
532,769
-171,59
140,2
784,-651
569,595
219,402
471,-957
-498,-38
-231,-931
676,949
-555,-185
502,-532
52,821
-64,-538
-536,28
937,989
895,124
-706,-250
271,938
-36,-917
949,-780
-922,-998
998,393
498,-298
-84,705
126,396
-297,634
-910,756
254,-712
-273,-572
-849,-736
804,911
-60,37
452,994
810,895
927,590
770,-639
-483,282
948,721
532,-141
799,441
521,-316
381,-451
-151,27
-75,8
982,331
-172,-735
18,588
-816,-748
-863,632
712,928
-784,-651
451,-713
362,-767
10,-356
-535,-672
-767,466
903,-14
527,-394
258,10
-425,117
-437,-793
616,978
367,-938
283,66
0,-725
-755,187
476,244
-9,-292
-441,-871
528,-957
894,-519
743,-993
-816,526
-709,422
791,-307
-686,379
677,51
-703,769
416,-856
954,-341
-775,988
669,477
174,667
-334,364
-517,-661
-944,297
-68,-253
917,828
148,436
-566,154
-261,421
-688,358
-394,-458
-146,692
31,32
6,-817
195,-461
509,979
-295,-203
-750,707
-903,-306
-285,-84
-512,777
-446,-216
-301,-24
-583,-517
950,112
-999,-706
-748,-118
-588,-221
463,268
-799,-777
905,153
-891,-716
-619,-122
-125,-374
-854,-699
-858,-955
464,453
284,-268
-169,286
221,-689
-565,533
954,264
-287,-310
-518,665
431,-368
-240,579
94,294
-874,906
17,452
577,-763
-734,834
841,291
577,950
-713,760
-475,-993
-524,279
-978,-588
697,-814
137,-860
-865,882
-250,-341
-634,107
-5,-317
393,129
231,80
-883,-397
943,8
-86,468
-829,-861
-232,468
-591,-478
697,-967
624,-982
-258,382
798,-244
859,-365
545,841
143,147
761,644
376,-803
580,-324
908,-135
-754,-443
-488,-617
-209,767
920,-992
-378,973
552,-199
556,595
966,-958
-523,572
931,325
-819,-693
580,862
-676,-535
-274,943
-972,-545
37,-831
-242,-840
430,-997
549,-141
199,-97
-212,-691
324,-117
-393,604
730,-793
-959,-425
-715,-512
776,202
587,654
393,524
-175,-916
61,897
-158,-792
901,190
-358,-936
211,615
184,-465
262,631
917,-647
-248,-907
-605,706
-71,298
-422,801
787,-114
738,8
694,-910
888,-449
-762,823
-512,926
-561,-983
-943,234
-136,-590
685,734
935,134
229,29
286,-938
401,-391
896,423
152,422
-876,-861
57,-414
642,-893
843,421
571,-939
239,868
830,-192
-711,114
44,-384
-185,677
-617,-171
82,648
-282,587
144,-552
-25,-431
634,934
-917,-211
578,-455
802,-17
72,583
103,479
728,-756
-73,-611
753,-810
-944,-265
354,438
-405,-966
746,986
400,458
-16,-641
-586,48
550,-321
475,-563
-444,826
254,336
699,380
28,-999
-350,-517
150,19
371,822
-729,572
76,-911
533,-969
65,236
-510,-626
-967,507
-449,-971
676,-173
23,420
585,985
-558,-335
-305,-621
-231,585
580,-194
885,-109
777,-222
400,-813
143,767
-435,754
806,-173
-676,747
-184,392
731,-189
885,246
-297,115
147,663
-790,348
179,-75
-155,-901
488,578
-534,-806
-716,-349
990,-319
-122,-828
-60,-84
249,505
-414,-514
-544,-110
-711,-791
-879,60
-203,-914
662,-377
77,323
583,-414
-672,319
-654,-407
-547,865
-647,-910
911,-33
-671,-63
-457,147
115,-275
169,-881
407,-988
166,111
77,104
-331,326
-72,627
-212,-153
-690,456
965,-61
-618,-418
887,-382
53,936
-373,-242
-323,-883
114,832
344,465
482,532
60,-545
-981,707
167,708
51,215
-431,992
-348,-320
955,767
-199,-306
939,-935
571,894
-722,252
947,-838
-966,-399
105,626
-916,-133
-752,441
-321,-486
-881,-154
224,-316
382,-336
279,-309
190,-541
-925,380
405,-510
-552,-806
519,-151
385,-774
66,688
-642,743
422,-925
803,359
-540,-564
862,628
-275,-302
-936,-825
-634,-353
166,-188
-329,827
-39,-916
-982,611
-750,939
844,356
497,-304
-461,-911
298,511
578,689
264,194
355,75
-574,-703
464,628
-338,-724
585,464
312,297
236,-608
483,744
580,-698
-176,-765
490,574
484,-211
240,-688
362,582
44,595
34,410
-115,325
140,-370
-610,-344
176,-616
124,99
984,-950
-956,690
885,-794
-578,586
730,-179
-223,-473
-220,716
279,337
335,811
-407,-863
-215,-997
694,905
-171,717
-996,483
437,-668
186,-952
-588,-490
231,946
-182,306
49,689
994,682
431,-355
-120,807
-266,-539
-140,680
-49,984
-698,28
-385,-486
-712,-711
-963,445
-789,-741
164,543
-464,37
336,-275
-690,-436
-410,792
-290,-661
-673,836
-24,-885
-859,57
662,573
612,-204
603,578
25,-260
-420,407
-847,-151
-169,75
-500,-684
452,-253
380,-975
823,871
189,-419
-938,-643
-419,273
766,965
953,-655
287,976
-463,260
426,933
731,477
531,-744
-152,319
-198,-168
-402,-608
947,119
513,-813
30,83
-180,-688
-808,409
77,229
-566,-714
347,-289
-985,145
34,167
245,-402
742,95
-144,-283
-984,109
-738,-139
902,169
369,-286
544,150
22,-162
-466,558
528,739
995,-640
-70,-924
884,-934
-431,649
361,794
658,-118
-291,924
-696,-136
-765,706
-158,-139
251,324
674,-706
632,331
-654,138
856,-692
61,-668
-121,-403
-757,782
-610,609
-33,200
-891,-496
-330,957
979,-328
321,139
-806,-659
83,-934
-163,60
-518,-335
407,582
-479,112
711,655
167,184
-651,583
543,769
520,-459
910,183
523,457
161,-544
-945,438
283,-349
-703,187
259,-152
-855,-526
618,-644
606,361
-759,-134
-805,-816
-325,279
-903,-209
559,-929
-301,209
416,118
-941,354
-643,-353
-373,623
-645,183
-444,-437
627,-33
-968,77
910,50
-17,542
608,202
-659,94
475,-245
57,416
67,353
-567,-533
699,748
-663,481
-366,-105
869,-17
870,805
-63,694
661,938
-115,-945
851,-529
-716,240
-67,495
-997,-992
833,-541
273,100
685,687
757,127
513,41
-311,-942
-577,9
-840,770
-333,927
282,345
833,-994
-899,644
-355,-760
-367,612
-105,-798
486,487
-567,439
334,-292
887,469
364,-785
721,-874
-586,-361
494,797
-747,-21
-913,871
150,-390
630,976
102,727
226,248
-147,-758
377,25
-905,-247
257,43
-674,957
854,996
666,-811
174,-469
-278,-395
-933,729
-943,-409
-416,763
-856,648
-880,441
-21,-557
663,-2
-572,978
7,66
30,-178
94,-185
249,157
-864,788
-996,-198
-465,681
-203,-478
918,-914
-189,448
505,6
861,-130
747,334
-999,722
-117,658
-425,181
839,315
-950,-685
-371,-315
948,235
-839,627
-742,487
-42,-438
-28,31
-685,-103
-476,-378
-336,-295
-409,129
-476,710
439,-625
-167,-563
-618,-892
-172,14
336,888
-76,-781
-90,-934
537,-754
319,973
-997,253
626,499
-940,-648
652,353
328,-231
833,547
-604,420
609,760
528,-211
446,143
634,948
727,-62
371,871
-600,894
-820,839
-526,592
482,-612
-13,-396
248,492
-131,487
635,448
813,-212
-330,397
-214,719
344,953
-963,-207
425,685
582,-833
-538,932
-932,-864
934,-605
566,-173
270,256
208,-564
936,-945
-764,509
951,-981
-53,-588
93,45
-439,-852
-340,-262
-399,-385
596,-164
248,584
-108,34
202,-152
-681,-605
515,-346
-334,-327
-852,419
758,833
908,11
96,-586
-461,-310
-929,-935
-743,986
-585,-398
268,-99
719,863
-350,957
720,151
572,282
-41,-24
-476,-449
-336,-902
363,-181
978,-264
569,959
-653,271
-299,-371
-804,-548
-436,-352
188,-213
542,418
-125,-909
-816,-475
-354,-840
164,-139
-66,939
370,579
-209,912
-330,-85
635,470
-692,-316
54,623
-490,922
543,-29
-803,408
-267,-60
-948,-68
-349,745
-201,-337
156,-811
666,-16
-152,-778
-107,497
582,-206
298,406
-176,361
294,-128
-470,243
314,436
-378,723
553,473
361,-721
945,731
-135,457
-576,391
-194,564
-270,965
12,-358
-241,458
32,-442
-514,-387
-248,-229
-611,-348
-577,880
-700,-821
-438,-367
-541,-619
-513,25
-513,-554
-645,-984
-524,-189
830,-502
926,-494
-640,755
266,90
56,867
381,417
-438,828
254,-3
607,649
-481,-295
708,-828
-5,164
-814,-136
307,262
87,597
44,62
-302,-547
-355,-746
535,-63
675,673
614,127
-130,243
-779,802
124,905
219,184
-78,-979
-188,252
815,-889
726,-761
276,748
-981,-358
-448,-933
818,961
-48,-767
24,365
-700,-647
544,693
386,368
-851,514
-484,281
-871,-859
136,-567
184,19
-766,-665
-844,-946
31,-656
-743,-352
-190,-497
-357,63
-102,342
-682,-770
725,622
-662,-282
901,-337
-970,-768
-210,648
890,-367
-469,984
899,-822
-163,726
485,-83
-179,-693
338,-569
-330,820
915,256
748,-37
-652,601
897,-660
-101,791
43,-332
686,452
-581,568
-395,-409
-887,-820
-626,-755
-976,844
48,-545
-241,129
-527,253
-841,983
804,240
-35,-850
39,-444
492,-712
-620,-591
832,862
-63,-205
-73,153
952,-196
-895,-501
15,363
-657,608
-11,-282
-713,-710
-390,25
363,872
-178,866
128,859
-482,-437
-326,877
-347,970
56,-489
221,422
-618,578
-426,-776
996,22
-614,751
-653,-675
973,17
371,-165
-941,284
34,263
-654,-650
-144,592
230,-756
-628,-643
-616,-749
757,-960
-798,80
554,32
-139,-247
-902,-925
-598,-656
-662,930
902,-79
-929,940
759,-891
-212,-104
406,125
-523,874
-319,-403
-406,-230
-378,908
-571,422
-610,-356
48,760
286,-233
949,-856
758,479
782,158
99,692
-664,-449
-606,672
-990,-384
-83,-670
197,213
-861,-235
894,797
822,-892
-849,739
396,-376
900,753
776,690
-545,125
239,-825
256,-6
-315,-93
-168,168
276,-164
-749,-749
614,318
-671,763
-439,-591
0,-816
-117,-227
992,-962
350,-477
-272,-803
10,-42
203,470
303,240
-24,-397
32,-373
-563,425
-515,-822
-527,-177
-836,300
-839,780
-762,-542
-926,-275
819,285
537,825
903,971
-554,17
766,201
-741,-632
213,823
233,773
-1,-958
-351,160
-306,-922
204,34
-2,-383
903,261
-13,-246
521,-378
-690,-662
6,-789
997,995
-656,230
94,-124
885,-740
946,-494
193,649
-997,430
-82,-223
-845,50
-587,751
502,-239
-51,-352
-39,-538
799,-102
-631,820
-107,71
171,-282
-909,696
-474,43
7,-101
-829,-855
-535,-271
202,183
-473,-822
-528,113
898,229
789,310
47,-771
-758,328
415,-443
806,-902
-273,-610
580,572
416,465
411,-388
920,759
430,-266
123,180
618,-950
-426,-185
-543,831
-775,-544
866,84
-102,605
-35,742
203,826
-231,216
-833,458
553,620
-326,-553
819,287
-756,491
587,-269
-629,-509
-822,735
838,-210
-433,-867
-932,-201
72,501
827,-500
-987,-504
131,-515
472,-463
-617,-289
-558,921
-400,-741
-743,-717
-595,405
-179,-49
151,615
-947,-619
-204,207
315,547
863,69
-373,919
-394,-793
-989,-704
-408,-909
-340,-464
-407,757
-434,-927
-764,-518
-689,-589
604,843
-412,-8
733,703
-769,884
216,163
823,-921
-701,-233
418,733
640,319
-643,357
793,977
-755,320
188,-23
857,-59
182,213
-721,804
-629,-461
-445,-659
-989,-853
122,-358
-163,860
183,-99
696,513
-984,-369
640,-27
-564,937
987,-797
440,-149
-91,-881
-463,-514
-425,-751
-614,-168
725,-42
-258,302
490,-299
465,-311
650,380
-697,-115
787,294
-316,502
134,174
832,744
-668,991
-589,80
-760,-422
-37,-423
932,-311
-388,977
-462,-700
-647,178
-172,-999
133,689
-640,97
344,-142
273,-155
-190,557
-669,370
-374,-796
-76,-40
423,801
-134,-17
22,636
-628,840
-734,872
-905,-36
-687,-822
-116,-351
-466,-236
-62,-871
689,-220
-371,213
-640,-792
-699,-709
310,45
318,-834
-978,978
-999,905
201,440
463,527
-822,-528
-914,581
194,359
198,288
56,-551
-182,-982
-685,869
826,314
98,888
-661,-62
698,-201
-342,-833
-816,109
859,-637
-145,995
612,394
-660,873
-280,923
866,178
90,-272
-491,-532
386,-273
-680,673
423,258
913,-747
31,728
-52,-386
-406,394
974,139
-848,-608
890,827
631,219
880,930
-495,611
-444,985
-234,722
400,-377
-16,-167
511,-791
-352,560
915,-891
176,-427
646,372
-205,155
-731,776
-95,43
-281,-703
-289,-253
-28,656
-389,933
346,529
-530,706
-98,-273
851,340
744,-33
997,176
-612,704
-874,942
-261,-197
-360,856
325,21
981,944
-169,-251
255,-418
-131,222
562,-661
705,919
238,50
-119,-876
697,-642
-355,-471
-819,10
58,554
391,-12
-51,630
233,-861
530,298
205,-76
-241,842
-984,-285
-399,-220
-498,863
-367,526
-876,-515
623,845
219,354
964,659
-205,155
525,-851
660,-70
-660,-370
-876,169
1,-309
845,-913
733,585
216,-884
-208,-982
748,280
478,-666
111,119
-707,580
600,955
173,878
158,-463
359,110
-390,-935
-947,-354
-658,208
388,658
565,-437
859,653
460,202
-667,646
-192,222
-430,-9
398,568
-250,-400
410,-300
-441,-655
584,-628
-987,-848
-212,692
26,-942
-873,-802
-501,723
125,732
-108,-487
-513,-352
-108,676
692,127
821,-258
459,-441
-883,322
-685,-110
-802,-734
-417,847
888,-552
112,-445
-180,-524
272,-835
-271,72
-503,-355
-848,337
53,-297
-733,292
917,-855
-312,-39
992,319
-884,934
-898,-277
-969,447
928,924
-999,677
844,-670
91,-404
-261,-605
509,99
772,-134
834,457
-301,-748
327,183
-906,918
-283,-856
740,169
207,892
-955,-424
237,-579
-619,695
949,-900
923,566
802,124
812,140
-938,-96
-499,-140
321,557
-884,449
-279,-173
-676,118
927,380
422,-180
432,195
-207,-431
408,774
-310,-623
-435,-361
955,-432
824,380
205,508
-458,603
871,899
601,424
-428,-316
328,-122
-737,818
519,-580
-997,567
-553,685
932,688
618,470
659,847
745,-673
931,-727
116,-16
-144,-290
920,484
-696,-900
-209,717
-430,925
-390,-365
537,-812
667,86
835,387
-111,361
315,-274
404,-795
6,-954
795,189
43,-52
-749,0
830,112
247,618
-878,-196
679,-799
-37,-386
674,806
-517,984
687,-153
25,-270
-988,966
-239,416
-674,871
228,195
976,901
576,-928
-928,-235
-623,-484
-574,-444
-595,-513
-435,807
619,-946
706,-105
941,640
-902,-842
-869,638
297,-532
486,488
494,-561
-471,510
-391,-821
894,-351
178,851
-450,581
801,-194
-88,-95
969,623
-83,993
-862,-714
732,319
203,181
-670,953
-965,-487
152,261
828,-928
233,443
-890,755
375,837
-299,92
-133,-442
-903,-14
376,-822
129,-536
-979,-382
-212,-796
31,277
502,-946
923,483
-174,-809
111,646
-557,-916
475,156
651,295
-642,953
-170,545
-413,-205
-722,246
719,978
-206,316
948,153
916,333
468,-882
198,-303
518,-320
231,-184
23,132
492,-626
243,-809
-342,250
-933,389
119,348
27,786
591,-447
125,-932
122,527
758,-299
615,189
596,446
-82,-266
753,-561
-453,816
-940,-851
-141,-108
-951,760
130,-250
197,-524
8,797
707,-108
-854,-360
266,403
859,-369
-611,28
-17,365
945,347
-22,-294
-684,-153
-82,649
-560,-572
841,877
726,152
-889,764
-508,939
-665,-312
-24,964
-293,488
28,508
-468,-283
263,813
751,-722
645,-553
159,-171
-64,-580
-779,277
656,627
-573,343
-898,-708
909,-836
-35,88
601,534
-346,134
-361,-124
-495,-348
840,656
-261,-139
134,842
839,-799
745,-636
104,158
-587,-807
-98,442
-879,13
854,305
-503,-629
237,-620
74,650
-102,-684
-182,-609
15,-570
-409,-339
265,-807
447,-275
-653,488
-368,222
-968,-960
-700,-126
-490,536
-83,-254
608,-352
737,-973
-446,313
-487,480
-846,-360
482,-832
-1,495
-935,870
-527,928
223,-855
-321,350
301,-400
21,190
590,-151
-343,-423
-511,507
-4,177
336,-379
-227,-401
-276,-527
-757,-502
875,-792
299,-813
230,-954
929,-684
1,116
-956,-826
437,-323
759,544
36,-625
260,-219
-760,-266
-467,-663
-622,-852
916,-822
612,491
857,-491
-58,618
505,-796
969,-56
-908,235
507,843
-228,538
-595,-922
-933,-584
-608,273
810,-281
-251,326
455,-935
-463,-459
694,463
-630,30
-974,294
173,-171
-648,993
12,663
832,835
-258,189
238,-662
-666,565
476,-480
372,-267
37,-679
640,-682
-299,232
199,-717
-326,-884
205,-620
86,598
-541,-777
592,561
-678,392
-270,-623
-585,-281
393,-539
-53,-828
-591,14
611,207
146,-276
-17,-867
-530,-48
589,-34
961,-511
-990,-967
-436,466
-227,-205
-365,152
381,560
960,749
128,519
390,-357
-387,-814
-700,255
289,-968
-982,-850
-29,-163
-841,-19
-548,-221
930,630
-220,419
-163,712
769,595
854,58
-262,351
-688,-860
-273,573
982,489
-549,618
293,627
-305,683
-947,785
-340,850
763,-739
54,-86
402,733
-252,-456
-732,-683
-43,-574
-762,200
-656,666
-86,697
736,717
871,474
-573,340
293,-832
204,476
542,-697
-790,383
-666,457
-668,-544
75,140
104,114
464,547
309,-694
862,-214
385,-157
332,474
643,-926
-649,698
-833,-535
823,-982
456,499
-118,-106
461,389
543,627
6,566
165,76
129,-919
934,-810
-878,323
454,901
811,236
942,665
-682,926
656,126
644,-100
455,-201
-168,-225
548,90
-879,-624
408,-726
775,-707
-352,534
976,-42
493,-103
962,-348
505,-190
-45,-106
342,475
-982,39
235,-472
-17,-793
181,-107
-50,694
690,804
784,453
-608,-661
-671,-356
-407,430
-346,-828
-343,-752
364,-271
94,810
616,736
238,919
-652,-574
345,-886
175,-134
234,-925
510,-940
-270,-621
129,129
-114,187
934,705
160,-367
-509,546
-560,-792
-67,-112
-612,272
-300,-480
512,169
176,551
266,-931
192,-808
-789,62
530,-689
225,-745
-90,852
736,-849
-999,488
7,759
-949,667
726,-487
246,829
986,-277
-745,701
-781,-554
-936,-753
915,944
27,438
218,644
-92,-595
72,-24
-65,-984
-668,-405
-767,208
404,-122
-917,992
63,276
-422,194
-105,-850
874,821
17,711
208,952
-990,320
-324,-489
234,-154
-262,664
-322,680
-528,-654
-16,754
-311,519
0,-233
899,921
-234,567
959,-261
-681,-798
60,-458
410,-934
-715,296
819,-883
-900,-215
-911,-513
708,362
68,961
35,730
926,222
-132,854
-952,174
-471,-702
667,-297
-115,-505
-750,-940
803,607
102,627
-518,907
-356,164
856,357
502,232
211,-254
-416,604
313,-318
-142,769
655,123
500,461
9,-311
-381,-768
-562,536
-598,-90
-215,-462
-869,11
-358,-593
-957,-397
-318,-560
-89,-844
-741,-362
-25,163
-891,247
376,-41
-518,-29
882,597
221,-899
-460,-331
-338,232
-211,179
683,-830
294,197
-89,800
-384,541
833,-324
-993,183
822,668
-8,216
442,-795
-95,308
-485,605
752,-977
-348,440
-52,-349
-210,-921
-563,-355
-828,-424
-407,-100
765,513
-821,706
-868,-211
-39,-152
582,-487
-872,-773
153,-461
167,30
-419,826
-779,65
-352,-196
434,-3
-404,-315
-831,-483
-513,-199
16,664
994,392
598,524
-645,521
-218,-855
889,-414
-444,38
911,-986
742,589
558,-96
113,373
-799,-245
935,-202
449,-953
-955,-792
105,-939
63,-137
-912,-932
-380,-479
376,-525
900,366
735,707
-551,-744
-838,-545
-643,-118
906,220
542,-349
436,-482
492,-796
-864,870
-227,412
293,-439
-969,144
-525,181
-963,722
607,-508
961,810
-424,408
-931,-394
500,741
224,-751
13,-716
-237,-9
659,923
-739,-1
-169,431
-90,-876
420,-78
-15,201
112,-219
760,-318
-458,-923
-878,-691
-173,-443
-5,-244
-67,-108
-308,-980
-983,805
-799,818
918,-840
-68,530
952,-331
-629,-841
241,375
652,-978
-453,562
-701,604
-730,244
469,-801
80,208
117,-685
-943,-557
-154,308
368,-706
-853,179
119,-982
-910,-735
620,-836
-376,-48
-525,-953
-522,-884
471,398
391,377
503,-966
-231,-45
-674,-341
-35,-707
588,755
-445,881
996,-737
334,180
626,-792
1,371
405,451
-556,-412
-478,691
-839,283
678,-613
500,604
-977,673
-355,-123
-712,-425
-627,704
-789,463
-230,268
461,538
-411,-783
-527,-9
582,-996
853,-142
923,751
584,-98
569,772
-878,488
991,-369
-413,-465
632,-265
-753,649
342,782
-944,-980
47,810
-49,-862
498,712
859,276
395,477
-998,387
-330,-185
-104,869
-557,-305
-248,-198
804,946
-39,627
941,590
871,-207
-291,422
-128,489
-449,-544
781,723
-478,-457
440,513
349,-885
549,-16
-488,739
-299,-754
-990,961
-60,46
-605,74
383,197
805,359
814,-880
-82,626
-160,297
-885,112
68,471
-633,30
-230,-50
-950,-775
528,-713
816,267
-698,694
683,346
-76,499
903,-402
668,139
137,321
-129,-950
-447,742
724,447
-298,-194
-839,0
-696,-82
-249,331
-952,912
301,353
789,-116
-805,-435
954,230
-376,-235
-682,197
-263,-890
-194,-570
669,-473
-734,61
-608,830
-508,-790
-372,831
-553,-587
215,-109
-582,293
866,661
-261,-156
-622,519
133,620
373,74
151,-411
451,258
228,149
-760,395
-995,-458
493,133
419,-892
266,-816
-200,865
709,-402
393,-799
-329,-273
344,942
487,288
183,-481
-83,-641
770,171
761,500
807,-96
-345,599
-508,-380
940,819
842,-201
-226,-306
-173,405
59,-949
151,568
318,-757
588,-23
-208,-188
-235,69
-73,-490
-649,391
332,599
763,-402
569,-799
-393,-156
897,-127
-584,780
611,-764
-588,381
997,13
-528,463
-918,562
-170,265
737,857
38,92
845,-137
-90,70
-761,157
380,-957
375,-675
-612,270
563,-955
-310,889
-871,-665
223,163
517,-487
642,597
-755,-362
-229,132
240,-499
153,-977
817,562
838,961
-909,409
-197,671
661,-782
-220,-899
-742,-274
-842,-314
-511,-191
178,394
-693,-51
-687,141
473,-754
-335,-649
436,-627
529,-323
-824,241
402,-663
-688,237
729,329
668,-895
474,-412
-736,-22
-67,-587
-8,-220
505,-511
-998,-670
801,255
530,773
-997,177
491,-154
-613,49
-678,-60
701,366
-841,676
515,-79
-879,-987
-216,-696
755,-946
372,48
-74,725
-49,129
-249,-378
-418,-837
-415,565
869,-731
617,-243
537,963
-423,10
-57,729
255,-372
311,-152
-117,120
-173,-349
785,-858
-7,-805
-218,356
684,801
438,677
953,957
-764,914
343,219
-607,-896
-554,940
-994,-993
826,-521
-783,-268
-867,179
517,-504
-48,-105
-163,117
422,-574
446,502
798,-837
873,728
115,343
-793,677
-989,456
854,-987
-323,485
-999,-451
962,-289
446,704
-332,201
-342,826
-327,654
-558,-599
-951,456
317,-245
-315,367
180,-447
231,-713
426,-865
585,-654
739,177
663,814
216,-633
890,974
892,447
-988,-619
120,-544
436,242
129,165
-76,-30
944,863
-459,397
-561,-362
895,-462
-158,864
-603,-953
-835,172
-602,938
-597,-315
682,-152
18,98
-102,-807
-629,976
-366,288
183,868
438,-587
665,895
-844,6
284,-62
-786,184
824,-429
-141,504
541,739
298,670
-879,-745
-137,85
961,215
-815,115
890,-689
-629,356
840,-38
-119,795
-780,642
358,878
-860,911
804,-953
-35,-729
206,-489
-398,955
691,870
-749,548
-572,-71
306,-498
-3,-968
-672,-28
253,645
-178,-575
903,-513
-959,531
749,652
-876,-893
-554,292
945,-286
-374,-949
-385,464
-195,-17
-563,131
30,-491
133,-295
-794,518
719,733
-917,-782
57,-674
879,697
910,-178
133,68
-800,96
-829,638
805,960
-878,77
474,-260
-491,291
676,-394
-431,950
986,-224
-724,69
573,261
-397,973
-906,-125
278,-615
420,680
-144,634
-477,-429
806,-947
-186,123
-669,-725
825,500
755,-170
-190,-767
-314,-353
-78,666
-598,74
166,-150
492,801
-30,522
-949,-365
929,907
896,397
-720,957
590,359
541,-980
504,-83
-87,954
-780,-770
239,-412
-467,-742
-2,-93
-719,-661
179,-625
-516,-764
952,286
736,948
625,-388
-536,-136
648,-486
-753,-636
-92,422
-646,875
338,-445
306,-611
-879,-960
-967,-559
582,-239
-241,-637
-635,359
-972,-556
409,114
775,-142
-929,932
-826,-261
141,-838
-655,-828
105,-518
524,317
398,-638
713,622
-144,-653
-129,-343
76,799
59,950
822,-106
71,719
-719,-9
639,33
569,162
-180,979
359,-391
-75,-840
325,283
297,765
0,-809
-244,414
532,-725
-719,424
-838,220
482,938
-931,958
-509,482
801,664
-159,696
-278,-63
379,-319
-653,306
170,430
29,-876
557,690
-743,576
-894,-23
783,166
-823,786
-574,-38
-171,-305
-249,344
233,612
9,-666
100,990
-543,-282
-705,-823
467,-127
369,-228
54,384
86,268
-516,-953
808,-992
447,-295
-57,-31
26,416
-329,197
414,-841
-980,290
509,559
-808,322
-477,-810
821,21
-443,-933
838,320
-767,900
-430,39
-377,-40
7,599
-487,-30
-18,-663
278,79
-288,331
646,947
-530,340
23,-376
-510,-523
477,774
509,550
480,-538
385,243
150,14
434,220
935,434
17,987
387,964
204,-618
950,517
-732,269
-797,119
-266,-605
-380,-8
-674,227
18,-906
-499,-121
944,-871
958,390
129,-513
998,455
-397,-858
588,-81
-968,732
368,-747
385,-891
-23,689
-654,-198
647,132
-360,-835
755,625
814,-821
306,965
-417,581
863,954
411,-862
-527,-501
-69,-786
-642,-986
-127,791
314,-984
178,-595
-672,-873
967,727
-754,-266
162,-814
584,843
-549,820
-22,220
-363,-742
910,263
79,-411
511,-392
-757,584
442,747
679,-442
657,759
-388,330
935,-821
-646,-784
-985,-452
-804,233
-289,-726
723,835
646,302
227,-819
523,172
903,464
989,-254
537,509
-173,-446
-985,-874
421,-846
-218,690
12,-994
896,180
-831,-951
79,987
220,-346
372,365
190,-408
280,-64
-163,330
-81,-259
-84,292
-112,813
-290,-417
-630,88
-738,311
791,-792
-866,-38
-672,-603
882,-4
630,-873
-397,-926
932,-900
158,178
663,-841
-167,-253
-713,-284
-356,-523
387,585
-400,-789
251,41
656,82
-846,-902
872,-576
851,515
-443,396
-750,659
73,129
340,-268
-245,42
446,650
-775,424
278,953
504,77
27,910
-290,-611
-921,-597
-864,970
-48,-738
935,-807
-203,-271
-776,521
713,-26
751,594
874,-76
-22,872
-537,-730
-6,-58
-61,-716
91,980
-975,-960
-698,-504
353,568
395,-796
539,-173
649,250
31,216
-373,735
549,-413
911,-543
12,20
267,-789
-443,554
-370,-734
722,817
-905,510
-355,-416
-654,716
-405,-388
-387,-335
436,-704
235,-875
-219,565
-921,484
95,-738
826,-808
-629,-104
-422,296
785,32
795,-920
-159,822
634,543
178,125
-772,468
541,684
942,-651
-174,-793
751,-882
384,915
271,-606
677,-685
-666,-820
199,226
222,-297
-920,358
-823,563
-21,10
-435,-221
-574,-68
999,-940
-685,710
-467,-440
636,521
478,-171
888,101
651,396
-824,-896
522,872
-91,161
950,-32
558,298
-192,224
-883,-141
-865,621
-996,3
-203,394
644,-42
783,-770
554,-8
217,419
451,-902
154,637
-413,-122
-125,-454
-873,952
-568,518
853,-810
656,-860
588,515
13,8
-663,74
-272,-759
187,412
-631,-66
656,805
-572,-46
-757,356
-918,-287
-220,225
611,456
387,752
-782,-58
-780,714
953,884
837,895
799,841
150,-837
267,486
789,-539
986,856
-909,804
-897,628
495,677
-201,-448
792,443
138,-247
808,542
-932,902
93,-193
735,-308
-107,-801
-588,571
216,-286
-57,644
-563,532
815,758
106,-102
98,-243
-812,745
-176,62
660,-186
302,-629
756,762
721,192
894,297
-822,-772
-982,421
34,436
-935,435
-349,-200
766,-211
-31,-944
-621,617
-388,-517
-548,-422
-363,345
-521,-140
662,-318
-877,-560
-939,-348
152,-119
-616,472
996,313
-832,-339
643,885
-160,-864
-222,520
-626,212
528,-44
731,337
-499,312
408,617
78,-863
-28,972
473,-641
843,509
986,286
-381,470
453,-996
-522,-862
-697,-644
367,452
847,715
-395,-707
-140,-636
-828,-988
421,-594
-490,-558
715,578
881,210
607,-376
-343,865
844,-835
284,509
-591,-594
593,-108
265,-966
-473,54
-137,90
795,-437
517,672
-852,544
780,967
-565,288
436,-933
566,391
-91,794
-925,-575
133,-808
884,-27
-258,-110
-632,-744
941,-841
-726,598
795,-667
864,329
157,-105
640,566
-913,-773
537,867
513,-882
562,-936
149,289
599,-673
-514,630
-244,762
-820,238
210,744
-947,-549
-450,-400
161,-564
-847,-110
134,-797
-625,-962
338,836
-535,-621
295,-129
-758,-593
451,-425
864,210
932,-856
-211,-652
-52,-179
464,582
214,600
-93,693
957,-142
-986,-100
34,65
-163,22
-782,-464
769,-520
661,644
754,234
-930,928
325,-19
20,-368
743,-364
820,-129
-853,-123
208,-783
-811,-216
-371,75
211,872
172,-803
-368,-984
-108,460
-141,-285
-824,37
-107,-800
51,-543
-40,-68
-338,-233
-87,152
-750,812
-986,-906
63,-163
109,-917
590,350
290,60
264,-641
-558,-554
242,979
-865,-94
-113,-370
-424,517
-201,838
-297,-800
695,314
-429,-813
-90,883
-626,-200
914,883
544,-183
216,-168
793,633
-868,458
573,809
-623,586
-568,-271
365,-456
34,563
262,916
-310,-112
-722,258
-271,506
561,868
463,555
-138,-412
-428,740
-927,516
-498,-993
-658,-518
345,-125
234,-89
865,-195
-695,726
289,-77
-824,156
715,167
-123,-319
-627,-129
-38,-565
374,916
-379,-515
-799,-438
174,203
-610,772
778,251
628,913
565,-487
-210,753
219,828
256,-597
0,-69
-528,573
796,-962
-199,820
311,128
-444,111
-241,416
-520,666
221,-83
-302,-946
-843,-55
-28,288
632,-70
575,454
-108,748
988,505
-661,-937
703,-701
-449,-700
-76,770
-612,-19
596,699
-831,-416
-798,-185
-940,912
81,-901
-1,-694
-819,819
285,-789
-893,-386
-705,-853
500,-768
535,-533
405,-136
350,897
-581,-995
-982,99
-539,653
567,-916
-626,-649
38,216
-512,756
-462,985
-197,530
-996,-72
-435,-638
398,-201
-234,-409
769,-588
812,106
896,-184
-352,542
102,851
18,-729
-889,541
-202,-294
-643,4
428,-634
-156,-325
920,610
-803,762
50,977
792,-632
-277,286
172,-405
-187,902
-301,-729
220,-664
-999,46
188,557
-751,562
267,353
-124,823
-357,908
-460,-847
293,100
621,351
-390,501
-85,633
994,-88
-297,-980
-724,-859
-926,-676
377,-892
-123,471
577,606
-585,-566
-639,-588
432,-428
-326,16
-766,211
166,401
-306,713
-238,205
896,-435
613,136
-890,371
192,501
-411,10
-62,-347
885,65
365,-376
597,-549
-7,81
107,-636
877,-218
-981,-597
-786,848
124,-459
-239,523
-213,-972
4,-785
738,701
-189,-819
978,-693
367,-477
-50,138
101,-588
-26,-352
-908,66
-888,-348
980,-986
-869,-27
-965,862
-277,-877
410,-27
600,-189
-305,860
-490,999
722,-549
-642,222
-53,16
992,-822
-643,-599
50,452
-870,345
-368,-765
-48,187
155,-504
-93,876
-566,-994
732,-538
540,-841
409,-994
145,-859
-338,-278
32,-163
-533,-317
-430,-307
-476,-905
-558,67
-602,-630
-888,-274
638,966
-219,-805
701,-81
-249,-836
791,-444
-181,430
-581,139
-993,274
586,991
-335,158
-4,411
481,-477
594,507
879,874
-760,-462
-534,-997
-355,-112
499,-558
340,-98
-792,129
-23,-120
380,528
695,-486
601,-523
-174,232
-44,913
-623,408
-72,-446
-846,-202
-501,72
510,79
-93,809
608,-331
-188,35
28,-69
-705,235
-228,415
582,-186
-310,197
-420,381
-855,479
588,541
936,312
-787,-4
-310,-122
-260,-570
-45,348
-923,909
-446,-543
690,-677
-852,-446
-135,-428
182,-479
-388,36
843,239
-822,-513
-363,-39
121,296
127,-432
260,960
-876,-587
-851,475
475,-716
-375,-617
397,-204
388,-102
-907,-752
710,-849
497,664
-885,-638
-457,-297
-645,368
-709,-134
-676,-741
-53,348
-145,879
-755,853
-84,220
-887,-36
93,-647
347,-321
-994,754
481,152
998,-989
-158,-16
-566,-419
-531,47
563,622
819,678
648,-955
-272,-93
77,-242
517,-697
-234,768
-174,-197
797,270
315,-766
43,-587
-87,-877
-693,-847
42,512
-86,-777
391,689
-214,622
-642,-687
477,4
401,-172
184,484
-32,224
202,460
-848,897
108,695
407,-864
-847,-568
195,978
504,425
755,-272
-172,230
-160,-34
575,740
-478,-893
350,-547
-15,681
-148,130
778,535
647,977
-564,816
-819,252
355,-455
-887,-90
939,84
377,579
101,-411
616,260
20,216
-99,966
292,-537
38,389
323,1
594,-42
774,-995
-574,-340
-594,363
-886,881
679,-841
906,-575
-524,117
595,-367
287,-790
756,584
970,-532
572,-222
-105,964
460,96
-221,-766
130,31
-673,510
-392,587
264,988
-14,381
-566,873
-917,969
497,938
506,-529
533,693
699,538
937,876
-13,-639
316,735
739,71
494,882
-429,733
-195,755
362,-470
-289,166
386,163
-247,-251
103,571
-513,-93
900,-869
-916,-816
102,-562
564,126
812,541
903,-348
-864,-456
772,592
380,455
294,921
-233,-361
-387,-271
-118,49
855,-608
-51,183
800,-669
681,-165
130,-66
426,-729
-474,-882
669,886
929,-291
723,513
-729,-255
314,19
-853,880
857,316
-100,853
23,-636
204,-557
-770,644
-126,-396
62,-610
-199,-655
361,386
-45,-136
372,-796
265,178
-812,432
-155,-246
-190,522
898,204
-442,657
-601,-943
235,395
797,758
20,-229
-531,244
-233,28
-287,162
149,-150
322,332
-261,861
-281,-919
-447,-389
6,112
-924,-690
-15,-328
-450,-106
-373,-392
-552,-584
-142,-135
-407,643
-194,-923
-519,-606
-287,-328
-62,795
853,396
537,450
-282,248
74,-12
11,-511
499,-175
-18,860
63,980
-777,3
933,-493
-61,-443
-724,-852
473,-561
-227,-591
-913,149
89,-435
-954,-643
887,370
-874,246
-554,-503
-785,908
80,-889
108,-75
-532,36
598,-722
827,118
-613,-199
613,206
988,113
-791,-355
738,-887
-459,-624
59,764
28,-712
823,-111
552,-519
482,729
-717,485
729,787
565,-86
84,-514
-555,498
-632,277
122,325
-298,975
-602,931
-120,346
855,-274
-33,-342
223,-486
914,517
-437,-632
-155,405
108,-677
99,589
777,-2
-814,-781
18,335
596,774
-583,-541
384,498
-979,-258
12,88
28,-504
442,-284
-282,-742
675,-427
-173,451
619,-954
386,-7
-717,242
838,979
186,546
707,-263
-611,23
-229,778
-600,132
-635,643
377,720
381,997
296,-21
686,426
964,697
173,-126
296,932
-797,-748
827,-939
391,543
-123,23
863,-821
107,-866
565,-954
-135,747
290,891
-104,-263
-53,858
252,826
292,473
-555,-430
-776,439
-495,-369
560,945
817,283
397,573
-877,-778
-889,671
72,388
575,-788
-626,-581
492,219
-153,472
-883,-695
-535,80
-593,-413
20,425
-16,-175
-538,182
-285,-856
329,-645
-702,-511
233,760
304,361
-96,796
-247,-449
-617,-815
-922,47
-352,430
139,-111
-641,6
316,-20
-767,-681
-632,-269
465,967
-318,613
135,884
-181,-980
831,-276
674,574
-985,-670
653,474
-217,-224
156,28
981,145
91,-755
970,-922
-890,852
297,-190
534,-837
941,-536
-836,-299
-471,-789
380,500
158,25
-889,913
686,48
232,957
576,314
685,-416
-405,-484
-912,-899
259,63
-526,-112
-540,615
-525,501
784,-18
-464,-132
260,-70
-555,396
-313,716
-366,-175
661,-19
-266,363
-727,-835
486,414
197,-198
27,658
647,441
880,369
-365,-79
-288,463
789,291
-43,786
185,628
-937,313
-24,198
-680,-862
-476,-95
-882,111
-552,-34
382,-747
-586,-715
132,246
-276,275
545,-452
-527,-773
163,998
-417,-33
429,-290
286,-108
-997,-645
-65,462
375,120
217,-272
340,-139
90,212
-870,540
-12,-831
-495,-138
382,569
-769,-269
-544,-704
-366,-574
278,225
-667,234
432,958
624,-489
946,970
290,308
12,-246
135,-255
585,-443
197,348
-700,-470
679,942
326,-507
-193,302
765,470
-996,-765
614,-560
-656,-214
688,425
-683,-104
-501,-867
744,-450
963,-613
-619,-45
233,709
-976,-274
-394,-731
-876,-702
627,-504
728,758
-311,-844
390,38
882,462
-975,-1
-499,114
722,-891
-540,-143
-180,911
-931,-777
414,-230
-870,295
-675,854
140,666
477,162
-441,-860
747,702
165,974
805,510
-870,-549
-138,514
224,-786
-330,-720
-922,-697
-653,685
38,296
737,-232
-243,-907
-298,850
483,720
-360,329
711,-295
-226,879
-263,-374
-479,-715
592,281
-47,961
519,-675
-132,61
117,-546
-653,-466
566,104
-418,-373
-860,97
-257,198
896,522
461,709
-598,-762
-556,-127
568,695
865,147
981,585
-91,281
104,608
805,-283
765,747
467,-283
-753,304
-657,-57
60,691
523,526
603,355
-832,-687
600,-155
528,-305
-893,-809
20,934
116,690
239,-724
969,-718
345,-491
-299,-544
411,268
318,-643
653,29
263,-566
861,-515
-311,146
454,738
-871,762
-838,-800
390,-294
-842,254
515,429
261,-173
-732,289
667,-915
-536,-382
-742,814
-808,-51
89,-13
-806,-981
-857,513
-152,-163
-969,-785
673,809
647,339
-562,849
373,647
421,109
840,838
-421,947
-107,994
-389,924
-268,-699
-656,-987
840,-334
844,-2
206,-333
949,222
-60,936
-560,643
-231,-361
300,-357
656,-730
-440,-637
837,871
-80,-185
-925,-977
976,-721
-432,429
974,481
-597,-783
-794,699
768,-705
872,550
996,-699
418,-488
429,-654
704,-504
-274,662
-684,57
985,288
912,91
37,-495
-340,230
-189,323
911,-516
-549,-163
-15,-764
889,954
949,-556
-986,649
-318,-479
-527,-880
-816,-51
-302,252
34,558
796,260
640,-248
716,-28
535,-911
-539,-575
-164,932
-25,63
-420,148
-607,-823
-555,-109
-129,361
0,286
139,349
-634,-326
205,361
976,-913
988,756
-3,-243
939,756
362,-991
-833,896
174,504
-391,-104
80,-785
781,112
-606,-571
-430,471
-599,-253
-233,-553
565,-793
-260,825
-678,931
-830,-949
-203,-881
-651,103
930,-350
107,623
-263,904
-270,244
952,770
-993,-676
-672,228
-252,-100
358,680
675,198
659,-915
652,20
-428,906
352,239
670,-476
-404,655
-171,282
166,953
278,463
682,-541
184,-241
-581,830
-603,-685
394,-569
764,590
275,-92
785,421
-936,598
939,-849
-327,-973
-193,601
802,464
575,-302
-428,-302
552,-25
-740,-925
-537,445
-312,-420
202,-83
-229,-570
26,-168
-561,98
907,283
-745,833
-92,40
-848,-99
970,-981
224,-797
-928,-850
622,-334
-589,-40
217,-355
-719,91
-712,-963
-550,-903
-300,229
971,984
-239,448
357,959
-175,-865
790,983
628,-393
-534,47
120,-724
-873,-790
-351,366
723,-412
555,-936
-154,388
29,-979
-477,910
383,-362
-447,897
24,-589
749,247
15,587
-693,375
447,703
425,968
248,-38
-731,-287
-82,405
471,97
497,-433
-843,-91
17,-886
-662,801
-650,286
701,-981
-489,578
766,814
312,79
-171,663
-430,-994
513,-819
761,600
-453,-364
-166,565
-559,63
818,-221
-180,772
871,-84
153,279
-116,192
655,135
-632,764
-366,-193
-159,-663
-731,390
-324,-31
273,-803
-119,-699
-308,-406
204,-816
920,996
-104,-806
227,-538
627,982
-959,-980
796,-928
383,-947
-101,-716
882,778
-742,408
206,-290
-726,-87
218,-99
-862,903
296,-265
656,418
-131,163
-658,-991
939,-326
224,92
-670,-571
653,-784
749,-77
915,-933
859,44
-74,940
-149,512
790,768
278,-677
55,-475
-76,-521
-80,811
417,274
595,87
515,36
-734,319
533,158
998,730
-821,254
539,-190
-735,467
-546,-497
181,583
944,255
608,895
-164,-747
437,941
76,-167
-417,-649
-11,134
409,-559
647,-585
753,275
-249,-508
302,43
361,-201
-203,-64
-128,153
-230,78
-825,502
-556,-684
-969,639
132,970
-567,305
-344,-685
748,-489
760,-132
193,-849
650,-447
-384,-854
484,335
538,-320
-270,216
329,-332
686,-725
-640,-508
-795,634
-477,-820
-316,-77
760,-213
446,986
-815,-289
35,-433
-58,-263
-470,847
-121,-905
-808,358
357,-956
598,-850
636,-88
85,-716
668,-42
959,-529
787,127
-384,-190
892,-717
-138,-440
-155,583
430,-631
414,-996
760,961
234,425
311,-137
554,63
-886,241
867,-452
-474,952
-482,-124
512,477
-530,38
-148,-761
401,-66
943,-62
342,751
-818,504
-896,-680
-446,-287
651,-815
637,126
-519,190
785,-989
630,23
568,-325
-593,194
-395,-542
-991,355
282,630
642,-915
926,-580
-733,860
-349,371
890,166
-818,208
-572,-676
951,368
614,-513
214,-904
396,-824
-993,812
167,846
-423,281
-879,-59
815,240
-844,-598
-846,317
-512,154
-791,-758
427,-846
-353,161
399,-957
750,-182
-542,730
-142,825
46,569
-586,-359
853,-836
-657,-484
-329,-518
23,365
-927,-694
736,91
-706,940
-342,-665
600,-835
-830,495
668,413
-780,-750
513,2
269,720
78,-937
-658,385
384,-613
894,-588
-119,671
648,-983
-720,460
-60,752
-611,719
-28,481
-215,893
-179,54
746,398
-436,142
-46,462
92,-396
-85,461
564,213
350,-144
-631,763
-554,-867
-782,948
492,-818
773,708
-638,361
-224,982
368,-550
-578,-962
290,-11
-720,860
13,-275
717,975
-23,-732
595,-485
989,402
-447,521
-383,-995
-575,-598
692,292
-50,-860
494,-445
940,-839
-974,-873
-494,-620
-221,902
-226,309
-70,332
-679,-871
-966,843
-541,848
-95,682
307,671
231,645
877,718
15,-443
-573,843
751,700
109,130
988,286
-89,-127
548,123
-449,-144
202,146
-291,380
-384,-476
402,-63
768,-101
455,133
-845,-760
875,386
918,19
-411,888
898,270
-654,484
15,471
-465,945
-373,696
-221,-544
882,927
-163,834
-315,-2
-330,-447
-761,-559
31,-592
-651,611
543,822
781,-633
-897,686
-299,852
-770,-406
617,-431
-991,447
529,-52
-442,312
344,953
-940,301
233,454
-158,467
240,-287
940,-273
980,-482
132,247
-923,610
818,996
-721,-406
132,415
-712,-279
899,830
-976,-453
721,-195
-607,944
-290,638
-743,638
800,-393
688,-364
307,772
-508,58
-720,-906
29,-238
-764,-235
702,236
353,-896
-639,-543
-794,323
836,-770
127,-426
-122,283
-177,-843
-426,-877
679,-274
-603,419
-666,-666
224,120
367,-653
944,-159
-69,230
339,-49
862,-550
543,809
-963,882
187,-707
694,118
-725,-782
-804,-495
153,-446
164,728
147,996
836,-418
438,279
-550,592
568,-673
-363,666
-492,-230
39,228
-295,-806
-603,308
91,546
945,-74
-359,-353
-600,994
748,731
436,-131
-36,-632
551,14
-644,64
523,889
719,953
216,567
360,-766
484,-903
25,-101
-217,-838
775,612
-382,-692
-97,-102
-677,-818
628,150
625,-352
191,-395
252,-533
599,-56
949,-915
851,-101
-408,151
-499,-712
928,-358
-470,-200
-816,-856
-279,-510
606,-220
342,-330
-744,359
428,384
835,-276
334,-540
681,989
968,-507
-68,-809
-750,-933
-808,-616
-724,-362
672,8
-444,-799
-489,287
-168,254
-941,426
185,175
-739,331
-311,-381
831,837
-12,946
272,-636
272,260
614,-923
-11,-656
536,-210
-674,-702
-663,-536
592,-955
750,-158
834,849
-33,-402
947,289
878,638
-634,549
-409,291
-760,-878
185,-453
141,936
878,-218
-845,164
-965,324
-365,-807
880,203
835,-261
-333,369
878,-716
-257,-754
403,-806
-830,231
915,-772
843,-950
-890,999
780,-460
224,-759
-661,-978
407,-226
68,-618
56,560
-45,-123
-249,532
-651,-178
45,-51
-497,-877
220,317
-936,523
-400,897
-149,299
-508,-299
-62,293
-409,320
265,-169
-313,709
-128,-53
-838,-917
-830,-244
678,529
357,-246
487,609
141,-282
374,-793
-666,-858
19,-499
-731,-3
-743,750
-216,989
-14,613
391,-203
-207,-364
-316,-430
-29,-817
-264,-185
-45,898
125,607
709,-157
613,-335
726,692
847,362
-220,667
985,-659
-251,-593
745,-689
-164,-759
-718,-953
-849,769
229,-631
629,-458
265,755
-439,749
-791,927
-529,446
703,-234
778,-356
-526,-508
-505,-988
-495,897
519,-536
-295,654
-231,391
-478,434
-502,675
893,-784
-252,-505
-984,-63
885,-834
173,-836
444,270
-961,-95
-719,915
967,-567
-325,-234
-693,609
438,-355
-632,-567
-4,-201
590,234
596,789
-105,-49
-127,306
-111,-916
42,-790
-754,-477
-229,-721
-283,474
233,-323
-157,43
185,-585
-243,391
-519,239
-200,-109
-731,22
258,858
-348,903
-391,541
-101,-79
-977,531
600,897
-904,534
904,58
586,-739
722,-694
-769,-484
338,907
-515,233
-718,808
556,83
193,973
-592,-582
-725,821
-665,466
-840,-803
663,265
418,866
-363,-463
656,903
-594,-258
-968,343
-815,496
-484,14
645,896
230,-207
-929,-612
-937,970
-603,180
-278,-991
438,-103
784,-234
-454,-701
-226,-785
534,-81
480,963
982,-820
-585,-213
-2,-110
-535,988
-695,-40
631,-525
-651,-575
459,-870
376,-398
87,-765
96,577
-19,-2
-400,-713
-466,-984
461,426
986,487
973,524
653,-506
-870,-48
374,947
899,996
-780,-15
-426,-861
-131,238
162,-724
211,830
834,-540
-566,-983
233,78
912,-916
339,757
-883,902
201,-586
-744,-343
-661,126
-776,-32
-291,-320
-987,-99
-709,668
-136,-900
-788,-946
433,-693
-285,-623
233,-43
-956,-90
-415,885
451,-719
746,430
-606,782
87,14
388,-110
-585,325
-964,604
991,-521
-456,52
-789,-93
884,965
638,425
-520,792
-453,-311
-556,178
-871,91
-348,-925
-456,208
-145,859
948,-290
865,-134
337,309
-412,916
-565,278
537,-340
304,-881
461,241
624,-77
-403,107
-255,-21
-276,824
-146,-87
184,688
907,-174
-16,-711
252,-804
886,429
586,-788
506,715
459,-868
407,-263
801,-147
130,-298
-646,-847
644,645
-247,-206
885,-778
-229,-703
860,-71
-523,-87
-220,-226
-632,-667
997,471
-281,309
-78,-338
511,-407
-467,457
-150,-359
-217,-169
-672,280
404,-42
-571,-458
-82,-681
570,-880
911,480
819,-912
98,-859
-671,710
671,135
-40,328
339,-180
-717,545
870,-925
412,105
294,178
-57,106
100,89
739,-443
286,82
-57,-169
-848,988
-275,-290
960,76
-857,-956
-667,494
117,371
-539,-349
313,526
-743,-336
-782,-477
-683,-98
-434,-917
702,316
-682,471
755,742
586,669
-76,-411
-96,790
65,371
563,-849
309,-924
-350,102
289,624
165,-374
883,-967
540,61
555,587
554,-668
-698,-164
535,-711
132,319
-706,410
290,-472
362,-395
-682,-147
-320,90
-40,909
870,236
-669,-163
258,210
833,119
-553,-536
141,577
676,471
-871,785
421,-931
325,-316
477,24
-321,-848
464,642
-32,-731
-966,-563
980,-52
-687,781
-650,188
871,-121
892,393
926,-942
924,-375
-270,-957
-434,707
69,497
675,494
-750,671
-711,528
-558,77
903,653
148,251
41,-313
295,-391
281,-493
946,-625
-624,985
54,737
590,-635
251,383
273,-983
-511,-889
-627,-38
378,440
-640,510
24,821
-197,944
903,-213
-178,-409
787,922
-846,498
-613,392
222,81
-4,-385
651,651
-438,868
-80,-146
-961,575
990,-552
386,-896
703,588
-459,722
-454,-35
405,-943
-554,266
-707,249
-69,266
337,-990
-125,-934
-156,-481
-483,245
-808,-424
-919,78
945,249
605,338
856,-605
-114,926
880,457
-400,-896
-835,-314
-82,96
835,-477
-151,-606
963,47
-389,867
-689,161
406,-72
-977,385
731,-858
-680,-156
-806,73
-533,-192
86,-974
742,-411
382,-908
-85,-10
398,903
173,229
872,723
-368,925
-143,570
652,666
-959,-398
426,-138
-174,-342
-519,-185
-388,-468
96,-542
-199,-39
616,654
-368,742
992,-217
-118,-706
430,-362
389,-526
379,209
788,15
192,822
458,-120
-337,673
-381,419
132,177
719,995
-408,-113
-919,-396
-829,148
-158,-369
-377,381
829,-93
-656,-486
532,-233
-727,-912
-590,480
-858,716
-733,-80
-894,-419
-601,25
-509,-26
-305,-569
-456,-924
538,141
148,-915
680,10
10,-510
-84,244
-956,841
442,-660
395,365
838,595
583,547
-316,-976
898,-66
263,552
493,610
-755,-47
-998,240
-608,-821
335,382
250,-33
306,-265
-223,-200
-262,472
923,66
496,-606
-51,233
-88,-441
561,-81
-895,-358
-143,-239
362,285
461,-537
-597,-969
-335,-110
629,-917
370,937
183,-55
178,-21
-709,452
175,-334
-939,-485
-748,-546
433,-467
109,386
538,-173
827,426
150,7
765,816
-898,951
-888,237
373,817
-101,92
641,906
-248,570
586,-420
-47,-311
169,490
-82,508
-674,-482
963,-805
-360,-614
-353,136
639,992
-992,-656
746,656
117,-835
779,792
-123,663
-240,-351
622,-452
779,884
800,468
378,-917
660,-642
-341,-829
-223,-458
232,120
-957,294
67,898
-480,-478
202,-955
-205,293
-197,963
-515,778
-272,-458
-173,479
202,-886
201,-684
-603,-901
-68,279
140,89
-930,716
-882,-191
356,180
808,-991
-766,457
-223,-207
305,831
-923,765
-51,-90
-705,-110
-722,8
-416,-300
992,-467
-808,-285
-661,215
-790,-358
-514,-715
-112,-480
-208,-424
27,-200
-690,-131
-273,-156
652,793
-194,214
17,-494
-848,-687
451,-131
713,257
-93,843
-415,76
79,195
313,-68
-834,913
267,-877
103,-645
-691,797
-159,693
-628,-788
223,848
-191,-670
-63,338
621,943
271,-863
796,-115
664,45
-723,-953
-94,102
807,-249
44,-936
686,100
486,442
510,634
803,-869
-67,980
-373,297
187,961
552,-687
-977,-819
-257,409
952,75
7,89
-602,-296
-487,305
144,330
-602,687
488,565
615,739
698,-193
810,-463
-288,96
382,-993
-676,892
40,-147
-882,-346
807,737
-567,770
641,108
-887,677
771,713
-394,852
-755,55
-413,-33
-730,-729
-593,951
-356,921
-987,577
726,88
-588,803
34,435
-416,-838
552,995
697,235
-743,323
-763,-23
-663,-518
-707,563
-294,-79
878,-300
410,7
-536,892
-489,-648
251,-340
-788,150
773,155
966,18
547,574
907,414
888,483
-447,-661
-847,-180
-205,-496
-259,-563
578,-457
893,-426
927,580
610,-433
-420,-22
482,100
-592,857
-314,-805
-76,-650
270,-816
-395,486
-953,-269
939,-269
214,11
997,-971
-422,102
-997,-885
672,-22
82,-437
-259,816
-181,-447
-324,916
56,952
657,-819
878,407
891,299
-585,898
861,729
-970,745
118,887
101,-521
-252,-655
500,438
-794,-855
222,523
-881,613
63,577
207,-802
-385,-732
287,233
-15,820
-677,-51
272,485
423,-980
-452,211
506,556
955,999
-337,-12
-576,-935
-662,5
998,640
860,-867
-299,-459
819,867
-801,-845
-276,-291
483,-389
-519,-961
-145,-433
756,454
679,-433
364,-425
280,308
791,-327
848,760
-22,914
-77,-762
280,283
353,119
-703,213
379,-257
-144,-202
-865,449
-635,347
-42,-955
507,565
-759,-636
-862,-584
72,890
-677,-816
-161,-452
-473,78
-266,49
-929,556
-920,-880
-85,-675
-673,-436
-845,-153
277,209
-519,-148
-437,899
245,-169
-269,-815
820,991
730,226
-169,-579
93,-358
480,-174
-116,-494
461,-434
794,-791
-498,105
599,-642
-76,-777
-664,340
-329,-8
623,-888
170,-335
296,-555
699,442
408,-759
-773,318
968,137
-841,680
-760,911
-189,-117
-756,-631
-838,-127
-476,371
-67,-227
500,-593
-105,249
180,-512
-822,-851
936,52
-880,838
-82,673
504,175
-573,207
-523,-927
-601,964
937,-593
644,738
-324,-312
-585,544
-155,-695
-21,424
73,-689
-850,91
436,-989
-468,930
717,64
256,337
-153,-99
384,301
251,441
-486,46
-479,-960
-193,-65
-983,83
763,71
-367,363
207,-140
-359,620
45,-842
549,381
-83,694
-284,816
705,49
517,319
-315,890
376,7
-917,-399
835,-547
548,138
353,166
295,650
103,667
-187,-732
749,43
-482,-636
-509,-905
166,901
112,-552
-381,-812
884,775
-176,391
-123,0
649,611
-565,876
552,556
-535,-755
-455,850
-95,-989
921,406
-652,585
901,0
414,896
-927,532
-528,-337
-97,-473
-710,183
969,572
512,118
149,223
-98,999
433,-522
610,89
-697,399
411,-840
-721,-676
-427,-13
-748,-187
349,-935
915,186
-73,-582
-301,129
-915,599
-878,-126
547,-589
190,330
766,468
-737,-598
41,92
-589,519
215,955
808,-961
-679,725
611,960
846,509
670,-391
686,306
-31,-167
-807,353
156,557
-604,-1
-94,374
938,-886
337,339
-94,-230
265,611
-616,410
58,-84
-430,-747
-860,432
-811,-907
-984,-899
-905,-917
-740,-369
-346,-730
-861,160
-732,171
-956,-35
970,226
855,994
-916,-766
71,413
614,-257
433,-532
946,437
247,627
-549,-404
894,656
-245,-258
-167,-96
-417,-192
-528,-652
531,-440
491,-721
657,-210
-16,896
-190,-167
-419,-256
86,-561
-854,908
617,-437
-520,672
398,113
-336,719
728,366
482,-219
753,89
768,472
264,-853
9,-165
900,-255
826,587
-720,-668
877,-434
-628,489
988,749
-949,224
926,-531
-5,-353
-397,13
262,-361
-976,-189
377,-591
-112,223
313,-813
-633,-358
697,-662
-490,-700
-754,425
-936,262
-861,953
-822,915
997,-357
-484,605
-869,870
-848,-675
-418,247
173,648
-229,-729
151,606
617,-291
509,322
717,669
-355,762
-86,469
-835,-522
855,-230
304,47
-685,-358
673,-44
-978,641
-280,518
537,-412
472,-357
419,39
-786,330
-129,-404
335,31
270,-260
586,206
689,593
-25,236
-482,-67
336,-661
-211,-928
125,323
-609,-143
-66,-308
825,494
280,629
-977,453
872,-230
-138,542
429,385
664,-644
-548,-245
345,-556
-911,-991
-999,143
-806,-229
675,-693
-452,172
-971,-104
-290,171
999,-249
109,-687
57,603
227,393
52,33
-962,193
918,-327
-228,269
-264,-646
-968,-706
-985,-39
-443,-320
96,261
-890,512
156,17
-988,-488
242,471
41,-201
516,-453
-426,542
763,-320
892,-259
319,-913
794,307
260,-696
-396,-335
729,711
445,-659
-985,-246
-266,-501
-862,-480
732,-609
-341,-174
-430,-14
-439,24
-638,-826
-854,-644
-812,-798
-827,-939
31,166
615,809
740,366
-276,595
666,-959
532,-265
907,646
398,-274
812,241
-659,-778
-291,234
762,-938
237,-544
537,473
-26,-570
-405,-916
647,635
-371,735
-176,567
850,-374
-481,-225
-68,-348
382,797
833,220
228,478
306,655
896,703
84,887
-333,16
-503,-138
675,-87
-345,956
456,-658
-119,-465
824,-90
118,924
820,15
-534,807
-528,634
97,-716
-783,903
65,865
-750,690
-803,929
432,-358
-435,980
632,-243
-911,640
-709,17
734,676
-416,865
840,-455
-698,-769
505,353
-12,209
-15,-289
991,-661
-696,748
109,-954
-549,-834
-466,-100
-377,888
-418,771
-429,-786
433,323
525,912
48,936
562,411
-113,769
-94,56
431,-482
-980,815
91,-831
-600,10
130,651
403,671
-316,-464
388,-48
502,299
-412,-782
-974,400
483,-918
211,454
448,735
-727,695
668,-972
693,-453
643,-967
262,651
89,521
-523,-124
-991,100
611,620
276,-477
202,-674
-794,-331
823,479
79,-516
72,-163
135,-950
-973,382
-716,676
-952,-838
-168,-208
-555,810
-425,836
-853,867
-278,885
983,-940
-449,-858
422,-243
9,372
-979,-49
918,-876
48,187
234,-665
557,-453
178,-491
-900,-607
127,-521
-75,868
78,-77
270,-174
-89,-470
869,761
203,-565
615,775
329,-813
707,-856
329,-55
316,783
690,-737
611,-14
-540,243
574,-577
-178,231
-664,-215
10,868
65,-24
-86,350
728,534
472,357
-571,-756
509,648
899,-507
847,-625
-623,871
-87,84
-844,-713
513,-598
702,758
-323,-414
99,-744
661,887
944,-278
-576,-5
-127,-268
27,371
-440,169
429,154
4,180
-220,872
-264,119
781,741
-622,143
678,-507
706,679
834,742
-136,-228
322,903
679,139
-47,-777
-346,-702
359,459
-692,449
-166,704
781,-139
-603,-5
-78,-958
-279,738
-855,770
-712,587
-178,-116
822,972
174,462
609,-805
57,184
477,-76
-530,-213
-220,12
-905,-642
259,-39
576,-673
-268,-282
-564,148
-346,-473
-496,746
-939,142
413,187
861,726
441,-918
-406,-818
747,479
-206,-785
-923,-758
-779,-991
-995,-930
742,-481
-111,-744
404,47
-764,-833
-402,-214
603,-468
-784,630
-522,-589
424,-359
52,235
-69,610
-153,617
-362,-101
414,673
-574,509
-828,-262
-35,115
-979,889
915,411
-281,335
-848,-640
42,115
596,90
700,-753
-421,-210
-466,390
-396,-875
-318,952
899,37
189,-739
-424,642
-299,919
681,-316
890,-968
-116,769
252,-205
155,311
29,632
998,-70
-463,-320
-943,305
-957,406
-572,-116
-713,-589
424,179
-712,-327
258,-358
874,2
-331,-739
774,-763
-20,353
634,118
630,-286
-626,-905
-593,200
-484,-101
293,256
-263,-632
-241,434
-537,-823
-600,-667
-162,516
-944,762
81,-634
496,518
493,-371
-182,857
-326,389
-645,375
-926,873
290,-30
-157,821
273,33
489,-879
868,-41
618,-272
-19,-728
153,999
627,-974
428,-319
234,213
635,757
-396,585
-427,-852
620,-561
584,214
330,-277
960,-664
26,190
404,62
456,-76
-800,-795
252,-410
-256,-506
521,-453
623,-71
-4,928
-288,-532
-41,-533
778,399
698,-430
638,-822
930,205
853,949
-827,629
-557,-984
176,-716
-498,970
208,673
931,-944
231,-175
251,354
571,-822
-829,-454
-739,239
-916,-553
-128,-780
-66,152
-253,-496
-375,858
397,225
-858,231
-479,800
-643,-479
-624,482
-181,516
634,453
727,-138
51,376
-315,142
-814,-882
-729,91
-789,-102
524,-816
555,737
-251,-175
234,-402
656,690
-84,285
889,398
109,476
-964,391
322,130
516,-866
612,840
-642,108
866,297
-467,-377
-348,-584
-351,420
739,11
-371,30
-17,21
967,727
983,229
597,-381
652,-107
564,-97
-765,-21
-522,934
-911,-214
385,14
470,-341
333,-562
671,437
-186,579
-828,-547
-778,-142
-640,332
-874,-446
794,523
981,412
-77,362
634,58
973,525
598,145
-809,-350
-748,-576
-130,-388
14,393
-317,-395
774,529
-50,-95
-992,165
-478,743
-9,705
-355,-164
621,153
-957,841
612,-291
-633,992
-306,-815
215,228
-650,-485
412,734
-996,705
883,-407
932,-738
-946,96
-418,-736
-702,753
-133,-900
843,702
152,-494
991,-661
-471,406
966,418
452,371
315,417
306,-958
-889,-705
-906,636
118,767
-411,842
-901,-266
616,-847
566,26
-71,303
787,222
-44,513
-99,-993
-792,-498
-738,-184
-159,-888
884,396
677,-398
-450,-175
464,290
575,267
596,54
790,281
-396,917
720,-264
-306,648
306,378
903,680
-429,99
176,-382
-824,-394
614,725
156,309
-512,923
-569,188
354,740
-915,-742
-91,100
445,-747
-888,356
610,-199
537,-242
737,-49
165,288
280,920
-816,-495
127,-570
-424,-545
-564,368
655,-193
-284,447
-204,-562
740,-932
881,989
-469,-557
-394,-248
-746,452
236,-343
-160,-244
120,-283
-495,452
932,-862
-919,-827
788,-785
-812,-127
554,979
-134,211
-350,-694
71,-101
-699,-518
724,-154
-929,-157
-574,-485
652,707
-77,-647
809,578
60,-713
405,-209
179,-811
-934,-577
-4,868
584,-568
378,-724
-405,127
-116,522
-603,-331
-534,-936
-488,837
947,-442
946,980
705,-430
-877,-520
838,-131
-731,183
270,655
650,-729
-659,916
-137,-489
-786,-98
-343,-356
-9,304
307,947
106,32
-123,-224
-231,-701
-385,-521
802,317
-681,176
-978,883
207,-644
-56,-911
868,-309
-872,-967
446,457
-630,-423
880,61
-257,-936
973,-137
7,-25
-211,91
790,-293
598,-513
327,764
0,173
715,938
-453,487
112,344
930,839
138,-26
-184,-401
-928,852
-655,161
-274,751
-703,62
791,4
357,-802
673,484
-906,263
515,930
245,-311
944,-797
799,759
485,428
-11,628
-775,-798
-380,-652
-445,472
846,-442
-812,-690
708,-522
-100,-514
119,852
474,-980
219,720
524,-624
-299,-82
757,-39
-997,-805
-56,-847
-56,381
-417,-148
-250,160
-210,443
-869,773
-27,-940
-265,911
268,-825
-752,-509
928,458
-790,65
-496,24
-422,-748
-462,53
628,140
999,184
-765,865
686,-359
64,597
900,-447
570,-960
-942,24
-894,906
-716,-734
-467,383
-853,-466
504,-414
316,505
-891,-783
-210,32
847,686
212,846
-81,566
-17,-727
-308,-445
175,235
-393,87
213,132
796,664
-216,900
275,-164
-719,391
791,914
123,-357
-943,864
-450,470
-279,-416
362,-551
304,-611
-781,-747
-645,857
806,220
493,203
404,-875
-649,-120
841,919
742,-480
840,-632
116,478
275,-651
242,-312
273,-938
455,-610
-395,962
-45,445
-431,-822
721,330
0,377
464,-642
-33,613
-691,749
-239,-260
-433,-361
126,-88
-984,80
573,-448
-318,-214
-477,-669
-708,-162
-791,519
11,-671
125,-512
-827,-189
-143,169
850,655
613,85
684,920
-899,-962
-10,392
-197,-862
897,-185
595,45
72,784
-47,879
563,-916
-756,380
11,-901
734,-346
555,771
749,24
-4,-374
521,887
357,542
235,909
-150,-315
358,-560
325,-383
-17,-861
-870,537
771,-452
466,-322
-521,-733
217,-586
-577,-262
-821,425
352,-743
-139,913
481,-577
626,591
-358,-29
835,300
-906,275
34,-628
-952,-134
-379,499
47,-79
-604,904
-87,-257
66,237
462,-637
-217,191
-797,-628
-39,-44
-433,-89
37,97
-24,-407
-299,-465
246,-380
-391,225
660,484
204,836
-866,-93
43,285
889,997
-55,-799
377,-586
674,139
438,-12
-37,-612
280,-632
-620,56
-727,101
531,-595
740,-459
807,272
-169,-922
794,226
491,-836
292,-584
735,803
226,593
77,77
344,113
-819,-823
-502,-811
674,-924
312,-530
-665,-528
551,-485
795,-727
623,46
720,-913
-928,825
55,-495
8,61
-90,132
554,-500
-588,-387
-317,-838
288,-483
0,759
-811,361
-98,-444
231,625
-141,911
239,-992
790,576
-58,23
-582,-799
-998,-200
-256,585
-400,-45
597,-709
-721,443
-718,-362
681,-175
-142,-174
-120,846
389,-156
-620,853
439,220
973,-310
-103,28
139,-85
-25,652
-893,846
-942,-549
-144,490
280,-823
363,-770
204,-762
-875,152
-218,557
929,171
-895,674
640,794
171,551
-201,-440
3,86
-636,10
977,680
-247,658
-411,281
-383,-812
283,198
-443,-628
221,-993
-648,-300
9,439
-198,364
-575,-29
-695,-825
-217,-389
229,434
-513,688
-636,808
547,-601
-315,-462
410,536
867,-500
-578,6
-141,-516
858,74
-959,-753
652,-483
417,-616
-3,447
-536,375
833,-991
844,-619
-620,-186
-821,642
884,244
-980,960
400,-427
163,307
210,419
147,953
-401,778
-850,-363
-59,90
-309,695
632,319
-131,-226
161,-444
617,356
444,-929
-129,-514
-330,-742
392,163
-195,535
-123,-238
223,892
913,-677
27,480
-740,310
-468,-380
-83,82
48,-868
881,-471
274,899
-853,-71
-564,935
-476,590
661,-376
406,763
67,-915
-524,-966
991,-899
656,-518
-991,848
939,-103
-785,627
337,617
564,690
90,97
-421,760
289,-26
-234,946
852,-128
-585,444
-994,774
248,-949
-880,-309
245,771
-644,-936
705,-555
-193,42
-332,511
-926,196
481,-86
-390,-617
-192,-883
192,-365
889,-660
615,22
-59,627
-948,-338
980,492
